Workbook

Sheet Calculator
A1: 📡 Long Wire Antenna + UnUn — Multi-Band Optimizer
A2: By Emiliano Gonzalez LU3VEA – lu3vea@gmail.com – License: CC0 v1.0 | v1.1
A4: Select YES/NO for each band · Adjust Velocity Factor · See 'Length Sweep' sheet for color-coded results · All dimensions in METERS
A6: ⚙ PARAMETERS — Blue cells are editable inputs
A7: Velocity Factor (VF): | D7: 0.95 | E7: ← Editable. Recommended default: 0.95 (insulated wire + end-effec). Bare copper in free air: 0.975–0.98. Insulated (PVC/poly): 0.92–0.96.
A9: 📻 BAND SELECTION — Change 'ACTIVE' column to YES or NO (dropdown available)
A10: ⚠ Lengths at an INTEGER multiple of λ/2 (very high feedpoint Z) OR at λ/4 multiples (very low feedpoint Z) cause poor UnUn matching — the algorithm AVOIDS both. Wires shorter than λ/4 of the lowest active band are also penalised (scored 0).
A11: Band | B11: f Low (MHz) | C11: f High (MHz) | D11: f Center (MHz) | E11: ACTIVE | F11: λ/2 (meters) | G11: λ/4 (meters) | H11: Min Wire (meters)
A12: 160m | B12: 1.8 | C12: 2 | D12: =(B12+C12)/2 -> 1.9 | E12: NO | F12: =$D$7*150/D12 -> 75 | G12: =F12/2 -> 37.5 | H12: =$D$7*75/D12 -> 37.5 | K12: {=IFERROR(INDEX($A$12:$A$22,SMALL(IF($E$12:$E$22="YES",ROW($A$12:$A$22)-ROW($A$12)+1),1),1),"")} -> 40m
A13: 80m | B13: 3.5 | C13: 3.8 | D13: =(B13+C13)/2 -> 3.65 | E13: NO | F13: =$D$7*150/D13 -> 39.041096 | G13: =F13/2 -> 19.520548 | H13: =$D$7*75/D13 -> 19.520548 | K13: {=IFERROR(INDEX($A$12:$A$22,SMALL(IF($E$12:$E$22="YES",ROW($A$12:$A$22)-ROW($A$12)+1),2),1),"")} -> 20m
A14: 60m | B14: 5.3515 | C14: 5.3665 | D14: =(B14+C14)/2 -> 5.359 | E14: NO | F14: =$D$7*150/D14 -> 26.590782 | G14: =F14/2 -> 13.295391 | H14: =$D$7*75/D14 -> 13.295391 | K14: {=IFERROR(INDEX($A$12:$A$22,SMALL(IF($E$12:$E$22="YES",ROW($A$12:$A$22)-ROW($A$12)+1),3),1),"")}
A15: 40m | B15: 7 | C15: 7.3 | D15: =(B15+C15)/2 -> 7.15 | E15: YES | F15: =$D$7*150/D15 -> 19.93007 | G15: =F15/2 -> 9.965035 | H15: =$D$7*75/D15 -> 9.965035 | K15: {=IFERROR(INDEX($A$12:$A$22,SMALL(IF($E$12:$E$22="YES",ROW($A$12:$A$22)-ROW($A$12)+1),4),1),"")}
A16: 30m | B16: 10.1 | C16: 10.15 | D16: =(B16+C16)/2 -> 10.125 | E16: NO | F16: =$D$7*150/D16 -> 14.074074 | G16: =F16/2 -> 7.037037 | H16: =$D$7*75/D16 -> 7.037037 | K16: {=IFERROR(INDEX($A$12:$A$22,SMALL(IF($E$12:$E$22="YES",ROW($A$12:$A$22)-ROW($A$12)+1),5),1),"")}
A17: 20m | B17: 14 | C17: 14.35 | D17: =(B17+C17)/2 -> 14.175 | E17: YES | F17: =$D$7*150/D17 -> 10.05291 | G17: =F17/2 -> 5.026455 | H17: =$D$7*75/D17 -> 5.026455 | K17: {=IFERROR(INDEX($A$12:$A$22,SMALL(IF($E$12:$E$22="YES",ROW($A$12:$A$22)-ROW($A$12)+1),6),1),"")}
A18: 17m | B18: 18.068 | C18: 18.168 | D18: =(B18+C18)/2 -> 18.118 | E18: NO | F18: =$D$7*150/D18 -> 7.8651065 | G18: =F18/2 -> 3.9325533 | H18: =$D$7*75/D18 -> 3.9325533 | K18: {=IFERROR(INDEX($A$12:$A$22,SMALL(IF($E$12:$E$22="YES",ROW($A$12:$A$22)-ROW($A$12)+1),7),1),"")}
A19: 15m | B19: 21 | C19: 21.45 | D19: =(B19+C19)/2 -> 21.225 | E19: NO | F19: =$D$7*150/D19 -> 6.7137809 | G19: =F19/2 -> 3.3568905 | H19: =$D$7*75/D19 -> 3.3568905 | K19: {=IFERROR(INDEX($A$12:$A$22,SMALL(IF($E$12:$E$22="YES",ROW($A$12:$A$22)-ROW($A$12)+1),8),1),"")}
A20: 12m | B20: 24.89 | C20: 24.99 | D20: =(B20+C20)/2 -> 24.94 | E20: NO | F20: =$D$7*150/D20 -> 5.7137129 | G20: =F20/2 -> 2.8568565 | H20: =$D$7*75/D20 -> 2.8568565 | K20: {=IFERROR(INDEX($A$12:$A$22,SMALL(IF($E$12:$E$22="YES",ROW($A$12:$A$22)-ROW($A$12)+1),9),1),"")}
A21: 10m | B21: 28 | C21: 29.7 | D21: =(B21+C21)/2 -> 28.85 | E21: NO | F21: =$D$7*150/D21 -> 4.9393414 | G21: =F21/2 -> 2.4696707 | H21: =$D$7*75/D21 -> 2.4696707 | K21: {=IFERROR(INDEX($A$12:$A$22,SMALL(IF($E$12:$E$22="YES",ROW($A$12:$A$22)-ROW($A$12)+1),10),1),"")}
A22: 6m | B22: 50 | C22: 54 | D22: =(B22+C22)/2 -> 52 | E22: NO | F22: =$D$7*150/D22 -> 2.7403846 | G22: =F22/2 -> 1.3701923 | H22: =$D$7*75/D22 -> 1.3701923 | K22: {=IFERROR(INDEX($A$12:$A$22,SMALL(IF($E$12:$E$22="YES",ROW($A$12:$A$22)-ROW($A$12)+1),11),1),"")}
A24: 🔌 COUNTERPOISE (Ground Reference Wire)
A25: Recommended counterpoise (m): | D25: =IF(COUNTIF(E12:E22,"YES")=0,"N/A",SUMPRODUCT(MAX((E12:E22="YES")*H12:H22))) -> 9.965035 | E25: λ/4 of lowest active band. Multiple radials also effective. Keep counterpoise straigh.
A27: 🏆 TOP 10 RECOMMENDED WIRE LENGTHS (computed from 'Length Sweep' sheet — updates with band selection)
A28: Rank | B28: Wire Length (meters) | C28: Wire Length (cm) | D28: Avoidance Score | E28: Quality Rating | F28: λ/2 check (lowest active band; ok = not integer and not n+0.5) | G28: Practical Notes | H28: Optimal UnUn (no CP / w/CP)
A29: # 1 | B29: =IFERROR(INDEX('Length Sweep'!$A$7:$A$557,MATCH(1,'Length Sweep'!$N$7:$N$557,0)),"-") -> 13.3 | C29: =IFERROR(B29*100,"-") -> 1330 | D29: =IFERROR(LARGE('Length Sweep'!$M$7:$M$557,1),"-") -> 0.15333333 | E29: =IF(ISNUMBER(D29),IF(D29>=0.13,"★★★ EXCELLENT",IF(D29>=0.12,"★★ GOOD",IF(D29>=0.07,"★ FAIR",IF(D29>=0.025,"⚠ MARGINAL","✗ AVOID")))),"—") -> ★★★ EXCELLENT | F29: =IFERROR(TEXT(B29/SUMPRODUCT(MAX((Calculator!$E$12:$E$22="YES")*Calculator!$F$12:$F$22)),"0.00")&" × λ/2 @lowest band","—") -> 0.67 × λ/2 @lowest band | G29: =IF(ISNUMBER(B29),IF(B29<10,"Short – portable use only",IF(B29<18,"Portable / SOTA",IF(B29<30,"Good portable/home",IF(B29<45,"Excellent home station","Long wire – max performance")))),"-") -> Portable / SOTA | H29: =IFERROR("No CP: "&'UnUn Ratio Optimizer'!D107&" (avg "&TEXT('UnUn Ratio Optimizer'!E107,"0.00")&")"&CHAR(10)&"w/CP: "&'UnUn Ratio Optimizer'!I107&" (avg "&TEXT('UnUn Ratio Optimizer'!J107,"0.00")&")","—") -> No CP: 27:1 (avg 16.64) w/CP: 27:1 (avg 13.68)
A30: # 2 | B30: =IFERROR(INDEX('Length Sweep'!$A$7:$A$557,MATCH(2,'Length Sweep'!$N$7:$N$557,0)),"-") -> 13.4 | C30: =IFERROR(B30*100,"-") -> 1340 | D30: =IFERROR(LARGE('Length Sweep'!$M$7:$M$557,2),"-") -> 0.15059649 | E30: =IF(ISNUMBER(D30),IF(D30>=0.13,"★★★ EXCELLENT",IF(D30>=0.12,"★★ GOOD",IF(D30>=0.07,"★ FAIR",IF(D30>=0.025,"⚠ MARGINAL","✗ AVOID")))),"—") -> ★★★ EXCELLENT | F30: =IFERROR(TEXT(B30/SUMPRODUCT(MAX((Calculator!$E$12:$E$22="YES")*Calculator!$F$12:$F$22)),"0.00")&" × λ/2 @lowest band","—") -> 0.67 × λ/2 @lowest band | G30: =IF(ISNUMBER(B30),IF(B30<10,"Short – portable use only",IF(B30<18,"Portable / SOTA",IF(B30<30,"Good portable/home",IF(B30<45,"Excellent home station","Long wire – max performance")))),"-") -> Portable / SOTA | H30: =IFERROR("No CP: "&'UnUn Ratio Optimizer'!D108&" (avg "&TEXT('UnUn Ratio Optimizer'!E108,"0.00")&")"&CHAR(10)&"w/CP: "&'UnUn Ratio Optimizer'!I108&" (avg "&TEXT('UnUn Ratio Optimizer'!J108,"0.00")&")","—") -> No CP: 26:1 (avg 17.00) w/CP: 27:1 (avg 13.95)
A31: # 3 | B31: =IFERROR(INDEX('Length Sweep'!$A$7:$A$557,MATCH(3,'Length Sweep'!$N$7:$N$557,0)),"-") -> 13.2 | C31: =IFERROR(B31*100,"-") -> 1320 | D31: =IFERROR(LARGE('Length Sweep'!$M$7:$M$557,3),"-") -> 0.14842105 | E31: =IF(ISNUMBER(D31),IF(D31>=0.13,"★★★ EXCELLENT",IF(D31>=0.12,"★★ GOOD",IF(D31>=0.07,"★ FAIR",IF(D31>=0.025,"⚠ MARGINAL","✗ AVOID")))),"—") -> ★★★ EXCELLENT | F31: =IFERROR(TEXT(B31/SUMPRODUCT(MAX((Calculator!$E$12:$E$22="YES")*Calculator!$F$12:$F$22)),"0.00")&" × λ/2 @lowest band","—") -> 0.66 × λ/2 @lowest band | G31: =IF(ISNUMBER(B31),IF(B31<10,"Short – portable use only",IF(B31<18,"Portable / SOTA",IF(B31<30,"Good portable/home",IF(B31<45,"Excellent home station","Long wire – max performance")))),"-") -> Portable / SOTA | H31: =IFERROR("No CP: "&'UnUn Ratio Optimizer'!D109&" (avg "&TEXT('UnUn Ratio Optimizer'!E109,"0.00")&")"&CHAR(10)&"w/CP: "&'UnUn Ratio Optimizer'!I109&" (avg "&TEXT('UnUn Ratio Optimizer'!J109,"0.00")&")","—") -> No CP: 27:1 (avg 16.28) w/CP: 27:1 (avg 13.38)
A32: # 4 | B32: =IFERROR(INDEX('Length Sweep'!$A$7:$A$557,MATCH(4,'Length Sweep'!$N$7:$N$557,0)),"-") -> 23.3 | C32: =IFERROR(B32*100,"-") -> 2330 | D32: =IFERROR(LARGE('Length Sweep'!$M$7:$M$557,4),"-") -> 0.1445614 | E32: =IF(ISNUMBER(D32),IF(D32>=0.13,"★★★ EXCELLENT",IF(D32>=0.12,"★★ GOOD",IF(D32>=0.07,"★ FAIR",IF(D32>=0.025,"⚠ MARGINAL","✗ AVOID")))),"—") -> ★★★ EXCELLENT | F32: =IFERROR(TEXT(B32/SUMPRODUCT(MAX((Calculator!$E$12:$E$22="YES")*Calculator!$F$12:$F$22)),"0.00")&" × λ/2 @lowest band","—") -> 1.17 × λ/2 @lowest band | G32: =IF(ISNUMBER(B32),IF(B32<10,"Short – portable use only",IF(B32<18,"Portable / SOTA",IF(B32<30,"Good portable/home",IF(B32<45,"Excellent home station","Long wire – max performance")))),"-") -> Good portable/home | H32: =IFERROR("No CP: "&'UnUn Ratio Optimizer'!D110&" (avg "&TEXT('UnUn Ratio Optimizer'!E110,"0.00")&")"&CHAR(10)&"w/CP: "&'UnUn Ratio Optimizer'!I110&" (avg "&TEXT('UnUn Ratio Optimizer'!J110,"0.00")&")","—") -> No CP: 29:1 (avg 8.86) w/CP: 29:1 (avg 7.77)
A33: # 5 | B33: =IFERROR(INDEX('Length Sweep'!$A$7:$A$557,MATCH(5,'Length Sweep'!$N$7:$N$557,0)),"-") -> 23.4 | C33: =IFERROR(B33*100,"-") -> 2340 | D33: =IFERROR(LARGE('Length Sweep'!$M$7:$M$557,5),"-") -> 0.14357895 | E33: =IF(ISNUMBER(D33),IF(D33>=0.13,"★★★ EXCELLENT",IF(D33>=0.12,"★★ GOOD",IF(D33>=0.07,"★ FAIR",IF(D33>=0.025,"⚠ MARGINAL","✗ AVOID")))),"—") -> ★★★ EXCELLENT | F33: =IFERROR(TEXT(B33/SUMPRODUCT(MAX((Calculator!$E$12:$E$22="YES")*Calculator!$F$12:$F$22)),"0.00")&" × λ/2 @lowest band","—") -> 1.17 × λ/2 @lowest band | G33: =IF(ISNUMBER(B33),IF(B33<10,"Short – portable use only",IF(B33<18,"Portable / SOTA",IF(B33<30,"Good portable/home",IF(B33<45,"Excellent home station","Long wire – max performance")))),"-") -> Good portable/home | H33: =IFERROR("No CP: "&'UnUn Ratio Optimizer'!D111&" (avg "&TEXT('UnUn Ratio Optimizer'!E111,"0.00")&")"&CHAR(10)&"w/CP: "&'UnUn Ratio Optimizer'!I111&" (avg "&TEXT('UnUn Ratio Optimizer'!J111,"0.00")&")","—") -> No CP: 28:1 (avg 9.66) w/CP: 28:1 (avg 8.34)
A34: # 6 | B34: =IFERROR(INDEX('Length Sweep'!$A$7:$A$557,MATCH(6,'Length Sweep'!$N$7:$N$557,0)),"-") -> 13.1 | C34: =IFERROR(B34*100,"-") -> 1310 | D34: =IFERROR(LARGE('Length Sweep'!$M$7:$M$557,6),"-") -> 0.14350877 | E34: =IF(ISNUMBER(D34),IF(D34>=0.13,"★★★ EXCELLENT",IF(D34>=0.12,"★★ GOOD",IF(D34>=0.07,"★ FAIR",IF(D34>=0.025,"⚠ MARGINAL","✗ AVOID")))),"—") -> ★★★ EXCELLENT | F34: =IFERROR(TEXT(B34/SUMPRODUCT(MAX((Calculator!$E$12:$E$22="YES")*Calculator!$F$12:$F$22)),"0.00")&" × λ/2 @lowest band","—") -> 0.66 × λ/2 @lowest band | G34: =IF(ISNUMBER(B34),IF(B34<10,"Short – portable use only",IF(B34<18,"Portable / SOTA",IF(B34<30,"Good portable/home",IF(B34<45,"Excellent home station","Long wire – max performance")))),"—") -> Portable / SOTA | H34: =IFERROR("No CP: "&'UnUn Ratio Optimizer'!D112&" (avg "&TEXT('UnUn Ratio Optimizer'!E112,"0.00")&")"&CHAR(10)&"w/CP: "&'UnUn Ratio Optimizer'!I112&" (avg "&TEXT('UnUn Ratio Optimizer'!J112,"0.00")&")","—") -> No CP: 26:1 (avg 15.95) w/CP: 27:1 (avg 13.06)
A35: # 7 | B35: =IFERROR(INDEX('Length Sweep'!$A$7:$A$557,MATCH(7,'Length Sweep'!$N$7:$N$557,0)),"-") -> 16.7 | C35: =IFERROR(B35*100,"-") -> 1670 | D35: =IFERROR(LARGE('Length Sweep'!$M$7:$M$557,7),"-") -> 0.14070175 | E35: =IF(ISNUMBER(D35),IF(D35>=0.13,"★★★ EXCELLENT",IF(D35>=0.12,"★★ GOOD",IF(D35>=0.07,"★ FAIR",IF(D35>=0.025,"⚠ MARGINAL","✗ AVOID")))),"—") -> ★★★ EXCELLENT | F35: =IFERROR(TEXT(B35/SUMPRODUCT(MAX((Calculator!$E$12:$E$22="YES")*Calculator!$F$12:$F$22)),"0.00")&" × λ/2 @lowest band","—") -> 0.84 × λ/2 @lowest band | G35: =IF(ISNUMBER(B35),IF(B35<10,"Short – portable use only",IF(B35<18,"Portable / SOTA",IF(B35<30,"Good portable/home",IF(B35<45,"Excellent home station","Long wire – max performance")))),"—") -> Portable / SOTA | H35: =IFERROR("No CP: "&'UnUn Ratio Optimizer'!D113&" (avg "&TEXT('UnUn Ratio Optimizer'!E113,"0.00")&")"&CHAR(10)&"w/CP: "&'UnUn Ratio Optimizer'!I113&" (avg "&TEXT('UnUn Ratio Optimizer'!J113,"0.00")&")","—") -> No CP: 27:1 (avg 10.34) w/CP: 28:1 (avg 8.73)
A36: # 8 | B36: =IFERROR(INDEX('Length Sweep'!$A$7:$A$557,MATCH(8,'Length Sweep'!$N$7:$N$557,0)),"-") -> 13.5 | C36: =IFERROR(B36*100,"-") -> 1350 | D36: =IFERROR(LARGE('Length Sweep'!$M$7:$M$557,8),"-") -> 0.14052632 | E36: =IF(ISNUMBER(D36),IF(D36>=0.13,"★★★ EXCELLENT",IF(D36>=0.12,"★★ GOOD",IF(D36>=0.07,"★ FAIR",IF(D36>=0.025,"⚠ MARGINAL","✗ AVOID")))),"—") -> ★★★ EXCELLENT | F36: =IFERROR(TEXT(B36/SUMPRODUCT(MAX((Calculator!$E$12:$E$22="YES")*Calculator!$F$12:$F$22)),"0.00")&" × λ/2 @lowest band","—") -> 0.68 × λ/2 @lowest band | G36: =IF(ISNUMBER(B36),IF(B36<10,"Short – portable use only",IF(B36<18,"Portable / SOTA",IF(B36<30,"Good portable/home",IF(B36<45,"Excellent home station","Long wire – max performance")))),"—") -> Portable / SOTA | H36: =IFERROR("No CP: "&'UnUn Ratio Optimizer'!D114&" (avg "&TEXT('UnUn Ratio Optimizer'!E114,"0.00")&")"&CHAR(10)&"w/CP: "&'UnUn Ratio Optimizer'!I114&" (avg "&TEXT('UnUn Ratio Optimizer'!J114,"0.00")&")","—") -> No CP: 26:1 (avg 17.34) w/CP: 26:1 (avg 14.16)
A37: # 9 | B37: =IFERROR(INDEX('Length Sweep'!$A$7:$A$557,MATCH(9,'Length Sweep'!$N$7:$N$557,0)),"-") -> 23.2 | C37: =IFERROR(B37*100,"-") -> 2320 | D37: =IFERROR(LARGE('Length Sweep'!$M$7:$M$557,9),"-") -> 0.13964912 | E37: =IF(ISNUMBER(D37),IF(D37>=0.13,"★★★ EXCELLENT",IF(D37>=0.12,"★★ GOOD",IF(D37>=0.07,"★ FAIR",IF(D37>=0.025,"⚠ MARGINAL","✗ AVOID")))),"—") -> ★★★ EXCELLENT | F37: =IFERROR(TEXT(B37/SUMPRODUCT(MAX((Calculator!$E$12:$E$22="YES")*Calculator!$F$12:$F$22)),"0.00")&" × λ/2 @lowest band","—") -> 1.16 × λ/2 @lowest band | G37: =IF(ISNUMBER(B37),IF(B37<10,"Short – portable use only",IF(B37<18,"Portable / SOTA",IF(B37<30,"Good portable/home",IF(B37<45,"Excellent home station","Long wire – max performance")))),"—") -> Good portable/home | H37: =IFERROR("No CP: "&'UnUn Ratio Optimizer'!D115&" (avg "&TEXT('UnUn Ratio Optimizer'!E115,"0.00")&")"&CHAR(10)&"w/CP: "&'UnUn Ratio Optimizer'!I115&" (avg "&TEXT('UnUn Ratio Optimizer'!J115,"0.00")&")","—") -> No CP: 30:1 (avg 8.07) w/CP: 31:1 (avg 7.19)
A38: # 10 | B38: =IFERROR(INDEX('Length Sweep'!$A$7:$A$557,MATCH(10,'Length Sweep'!$N$7:$N$557,0)),"-") -> 16.8 | C38: =IFERROR(B38*100,"-") -> 1680 | D38: =IFERROR(LARGE('Length Sweep'!$M$7:$M$557,10),"-") -> 0.13936842 | E38: =IF(ISNUMBER(D38),IF(D38>=0.13,"★★★ EXCELLENT",IF(D38>=0.12,"★★ GOOD",IF(D38>=0.07,"★ FAIR",IF(D38>=0.025,"⚠ MARGINAL","✗ AVOID")))),"—") -> ★★★ EXCELLENT | F38: =IFERROR(TEXT(B38/SUMPRODUCT(MAX((Calculator!$E$12:$E$22="YES")*Calculator!$F$12:$F$22)),"0.00")&" × λ/2 @lowest band","—") -> 0.84 × λ/2 @lowest band | G38: =IF(ISNUMBER(B38),IF(B38<10,"Short – portable use only",IF(B38<18,"Portable / SOTA",IF(B38<30,"Good portable/home",IF(B38<45,"Excellent home station","Long wire – max performance")))),"—") -> Portable / SOTA | H38: =IFERROR("No CP: "&'UnUn Ratio Optimizer'!D116&" (avg "&TEXT('UnUn Ratio Optimizer'!E116,"0.00")&")"&CHAR(10)&"w/CP: "&'UnUn Ratio Optimizer'!I116&" (avg "&TEXT('UnUn Ratio Optimizer'!J116,"0.00")&")","—") -> No CP: 28:1 (avg 9.57) w/CP: 29:1 (avg 8.22)
A39: ℹ Avoidance Score explanation: 0.25 = wire is at maximum distance from ALL resonances (ideal: 3λ/8 or 5λ/8); 0.00 = wire IS resonant (half-wave or quarter-wave, extremely high or low impedance, avoid); Score ≥ 0.20 = excellent; Score ≥ 0.12 = good practice.
A41: 🔁 CHOKE / BALUN INSTALLATION GUIDANCE
A42: Choke placement: | C42: Install current choke (CMC) at the feedpoint, between coax and UnUn primary, to suppress common-mode current on the coax shield.
A43: Choke impedance: | C43: Target ≥ 1000 Ω common-mode at lowest active band. FT-240-31 or FT-240-43, 10–12 turns bifilar coax, covers 1.8–30 MHz.
A44: Coax routing: | C44: Run coax perpendicular to antenna wire for ≥ 1–2 m after choke. Avoid coax lengths at λ/2 multiples of any active band.
A45: Tuner in-line: | C45: If using ATU: choke goes between ATU output and coax run, not between radio and ATU.
A46: Multi-band use: | C46: 2× FT-240-31 stacked with 12 turns bifilar gives good coverage 1.8–54 MHz with low insertion loss.
A47: Vertical counterpoise: | C47: For vertical-style long-wire with ground radials: place choke at mast base to prevent coax acting as an unintended radial.

Sheet VSWR Calculator
A1: 📡 VSWR Estimator — Long Wire Antenna + Configurable UnUn Ratio
A2: By Emiliano Gonzalez LU3VEA – lu3vea@gmail.com – License: CC0 v1.0
A4: Wire Length (m): | C4: 43.4 | D4: ← Select wire length (m). Tip: use a Top-10 wire length from Calculator sheet for best results.
A5: UnUn Ratio (N:1): | C5: =IFERROR(VALUE(LEFT(INDEX('UnUn Ratio Optimizer'!$I$107:$I$116,MATCH(C4,'UnUn Ratio Optimizer'!$B$107:$B$116,0)),FIND(":",INDEX('UnUn Ratio Optimizer'!$I$107:$I$116,MATCH(C4,'UnUn Ratio Optimizer'!$B$107:$B$116,0)))-1)),9) -> 9
A7: Band | B7: Active | C7: λ/2 (m) | D7: λ/4 (m) | E7: L / λ½ (frac) | F7: Z_wire (Ω, est.) | G7: X_est (Ω, reactance) | H7: VSWR (complex Z)
A8: =Calculator!A12 -> 160m | B8: =Calculator!$E$12 -> NO | C8: =Calculator!$F$12 -> 75 | D8: =ROUND(Calculator!$G$12,2) -> 37.5 | E8: =IF(AND(B8="YES",$C$4>=D8),MOD($C$4/C8,1),"—") -> — | F8: =IF(AND(B8="YES",$C$4>=D8),ROUND(50*POWER(80,COS(PI()*MOD($C$4/C8,1))^2),0),"—") -> — | G8: =IF(B8<>"YES","—",IF($C$4<D8,"< λ/4",1500*SIN(2*PI()*MOD($C$4/C8,1)))) -> — | H8: =IF(B8<>"YES","—",IF($C$4<D8,"—",(1+SQRT((((F8)-$C$5*50)^2+(G8)^2)/(((F8)+$C$5*50)^2+(G8)^2)))/(1-SQRT((((F8)-$C$5*50)^2+(G8)^2)/(((F8)+$C$5*50)^2+(G8)^2))))) -> —
A9: =Calculator!A13 -> 80m | B9: =Calculator!$E$13 -> NO | C9: =Calculator!$F$13 -> 39.041096 | D9: =ROUND(Calculator!$G$13,2) -> 19.52 | E9: =IF(AND(B9="YES",$C$4>=D9),MOD($C$4/C9,1),"—") -> — | F9: =IF(AND(B9="YES",$C$4>=D9),ROUND(50*POWER(80,COS(PI()*MOD($C$4/C9,1))^2),0),"—") -> — | G9: =IF(B9<>"YES","—",IF($C$4<D9,"< λ/4",1500*SIN(2*PI()*MOD($C$4/C9,1)))) -> — | H9: =IF(B9<>"YES","—",IF($C$4<D9,"—",(1+SQRT((((F9)-$C$5*50)^2+(G9)^2)/(((F9)+$C$5*50)^2+(G9)^2)))/(1-SQRT((((F9)-$C$5*50)^2+(G9)^2)/(((F9)+$C$5*50)^2+(G9)^2))))) -> —
A10: =Calculator!A14 -> 60m | B10: =Calculator!$E$14 -> NO | C10: =Calculator!$F$14 -> 26.590782 | D10: =ROUND(Calculator!$G$14,2) -> 13.3 | E10: =IF(AND(B10="YES",$C$4>=D10),MOD($C$4/C10,1),"—") -> — | F10: =IF(AND(B10="YES",$C$4>=D10),ROUND(50*POWER(80,COS(PI()*MOD($C$4/C10,1))^2),0),"—") -> — | G10: =IF(B10<>"YES","—",IF($C$4<D10,"< λ/4",1500*SIN(2*PI()*MOD($C$4/C10,1)))) -> — | H10: =IF(B10<>"YES","—",IF($C$4<D10,"—",(1+SQRT((((F10)-$C$5*50)^2+(G10)^2)/(((F10)+$C$5*50)^2+(G10)^2)))/(1-SQRT((((F10)-$C$5*50)^2+(G10)^2)/(((F10)+$C$5*50)^2+(G10)^2))))) -> —
A11: =Calculator!A15 -> 40m | B11: =Calculator!$E$15 -> YES | C11: =Calculator!$F$15 -> 19.93007 | D11: =ROUND(Calculator!$G$15,2) -> 9.97 | E11: =IF(AND(B11="YES",$C$4>=D11),MOD($C$4/C11,1),"—") -> 0.17761404 | F11: =IF(AND(B11="YES",$C$4>=D11),ROUND(50*POWER(80,COS(PI()*MOD($C$4/C11,1))^2),0),"—") -> 1171 | G11: =IF(B11<>"YES","—",IF($C$4<D11,"< λ/4",1500*SIN(2*PI()*MOD($C$4/C11,1)))) -> 1347.5138 | H11: =IF(B11<>"YES","—",IF($C$4<D11,"—",(1+SQRT((((F11)-$C$5*50)^2+(G11)^2)/(((F11)+$C$5*50)^2+(G11)^2)))/(1-SQRT((((F11)-$C$5*50)^2+(G11)^2)/(((F11)+$C$5*50)^2+(G11)^2))))) -> 6.27295
A12: =Calculator!A16 -> 30m | B12: =Calculator!$E$16 -> NO | C12: =Calculator!$F$16 -> 14.074074 | D12: =ROUND(Calculator!$G$16,2) -> 7.04 | E12: =IF(AND(B12="YES",$C$4>=D12),MOD($C$4/C12,1),"—") -> — | F12: =IF(AND(B12="YES",$C$4>=D12),ROUND(50*POWER(80,COS(PI()*MOD($C$4/C12,1))^2),0),"—") -> — | G12: =IF(B12<>"YES","—",IF($C$4<D12,"< λ/4",1500*SIN(2*PI()*MOD($C$4/C12,1)))) -> — | H12: =IF(B12<>"YES","—",IF($C$4<D12,"—",(1+SQRT((((F12)-$C$5*50)^2+(G12)^2)/(((F12)+$C$5*50)^2+(G12)^2)))/(1-SQRT((((F12)-$C$5*50)^2+(G12)^2)/(((F12)+$C$5*50)^2+(G12)^2))))) -> —
A13: =Calculator!A17 -> 20m | B13: =Calculator!$E$17 -> YES | C13: =Calculator!$F$17 -> 10.05291 | D13: =ROUND(Calculator!$G$17,2) -> 5.03 | E13: =IF(AND(B13="YES",$C$4>=D13),MOD($C$4/C13,1),"—") -> 0.31715789 | F13: =IF(AND(B13="YES",$C$4>=D13),ROUND(50*POWER(80,COS(PI()*MOD($C$4/C13,1))^2),0),"—") -> 182 | G13: =IF(B13<>"YES","—",IF($C$4<D13,"< λ/4",1500*SIN(2*PI()*MOD($C$4/C13,1)))) -> 1368.4286 | H13: =IF(B13<>"YES","—",IF($C$4<D13,"—",(1+SQRT((((F13)-$C$5*50)^2+(G13)^2)/(((F13)+$C$5*50)^2+(G13)^2)))/(1-SQRT((((F13)-$C$5*50)^2+(G13)^2)/(((F13)+$C$5*50)^2+(G13)^2))))) -> 25.702495
A14: =Calculator!A18 -> 17m | B14: =Calculator!$E$18 -> NO | C14: =Calculator!$F$18 -> 7.8651065 | D14: =ROUND(Calculator!$G$18,2) -> 3.93 | E14: =IF(AND(B14="YES",$C$4>=D14),MOD($C$4/C14,1),"—") -> — | F14: =IF(AND(B14="YES",$C$4>=D14),ROUND(50*POWER(80,COS(PI()*MOD($C$4/C14,1))^2),0),"—") -> — | G14: =IF(B14<>"YES","—",IF($C$4<D14,"< λ/4",1500*SIN(2*PI()*MOD($C$4/C14,1)))) -> — | H14: =IF(B14<>"YES","—",IF($C$4<D14,"—",(1+SQRT((((F14)-$C$5*50)^2+(G14)^2)/(((F14)+$C$5*50)^2+(G14)^2)))/(1-SQRT((((F14)-$C$5*50)^2+(G14)^2)/(((F14)+$C$5*50)^2+(G14)^2))))) -> —
A15: =Calculator!A19 -> 15m | B15: =Calculator!$E$19 -> NO | C15: =Calculator!$F$19 -> 6.7137809 | D15: =ROUND(Calculator!$G$19,2) -> 3.36 | E15: =IF(AND(B15="YES",$C$4>=D15),MOD($C$4/C15,1),"—") -> — | F15: =IF(AND(B15="YES",$C$4>=D15),ROUND(50*POWER(80,COS(PI()*MOD($C$4/C15,1))^2),0),"—") -> — | G15: =IF(B15<>"YES","—",IF($C$4<D15,"< λ/4",1500*SIN(2*PI()*MOD($C$4/C15,1)))) -> — | H15: =IF(B15<>"YES","—",IF($C$4<D15,"—",(1+SQRT((((F15)-$C$5*50)^2+(G15)^2)/(((F15)+$C$5*50)^2+(G15)^2)))/(1-SQRT((((F15)-$C$5*50)^2+(G15)^2)/(((F15)+$C$5*50)^2+(G15)^2))))) -> —
A16: =Calculator!A20 -> 12m | B16: =Calculator!$E$20 -> NO | C16: =Calculator!$F$20 -> 5.7137129 | D16: =ROUND(Calculator!$G$20,2) -> 2.86 | E16: =IF(AND(B16="YES",$C$4>=D16),MOD($C$4/C16,1),"—") -> — | F16: =IF(AND(B16="YES",$C$4>=D16),ROUND(50*POWER(80,COS(PI()*MOD($C$4/C16,1))^2),0),"—") -> — | G16: =IF(B16<>"YES","—",IF($C$4<D16,"< λ/4",1500*SIN(2*PI()*MOD($C$4/C16,1)))) -> — | H16: =IF(B16<>"YES","—",IF($C$4<D16,"—",(1+SQRT((((F16)-$C$5*50)^2+(G16)^2)/(((F16)+$C$5*50)^2+(G16)^2)))/(1-SQRT((((F16)-$C$5*50)^2+(G16)^2)/(((F16)+$C$5*50)^2+(G16)^2))))) -> —
A17: =Calculator!A21 -> 10m | B17: =Calculator!$E$21 -> NO | C17: =Calculator!$F$21 -> 4.9393414 | D17: =ROUND(Calculator!$G$21,2) -> 2.47 | E17: =IF(AND(B17="YES",$C$4>=D17),MOD($C$4/C17,1),"—") -> — | F17: =IF(AND(B17="YES",$C$4>=D17),ROUND(50*POWER(80,COS(PI()*MOD($C$4/C17,1))^2),0),"—") -> — | G17: =IF(B17<>"YES","—",IF($C$4<D17,"< λ/4",1500*SIN(2*PI()*MOD($C$4/C17,1)))) -> — | H17: =IF(B17<>"YES","—",IF($C$4<D17,"—",(1+SQRT((((F17)-$C$5*50)^2+(G17)^2)/(((F17)+$C$5*50)^2+(G17)^2)))/(1-SQRT((((F17)-$C$5*50)^2+(G17)^2)/(((F17)+$C$5*50)^2+(G17)^2))))) -> —
A18: =Calculator!A22 -> 6m | B18: =Calculator!$E$22 -> NO | C18: =Calculator!$F$22 -> 2.7403846 | D18: =ROUND(Calculator!$G$22,2) -> 1.37 | E18: =IF(AND(B18="YES",$C$4>=D18),MOD($C$4/C18,1),"—") -> — | F18: =IF(AND(B18="YES",$C$4>=D18),ROUND(50*POWER(80,COS(PI()*MOD($C$4/C18,1))^2),0),"—") -> — | G18: =IF(B18<>"YES","—",IF($C$4<D18,"< λ/4",1500*SIN(2*PI()*MOD($C$4/C18,1)))) -> — | H18: =IF(B18<>"YES","—",IF($C$4<D18,"—",(1+SQRT((((F18)-$C$5*50)^2+(G18)^2)/(((F18)+$C$5*50)^2+(G18)^2)))/(1-SQRT((((F18)-$C$5*50)^2+(G18)^2)/(((F18)+$C$5*50)^2+(G18)^2))))) -> —
A20: 🔌 COUNTERPOISE IMPEDANCE MODEL — Real-world correction factors (inputs in blue)
A22: Parameter
A23: Counterpoise Length | C23: =Calculator!D25 -> 9.965035 | D23: m | E23: Typical: λ/4 of lowest active band (shown on Calculator sheet). Multiple radials reduce Zcp.
A24: Counterpoise Height above ground | C24: 5 | D24: m | E24: Height influences capacitive coupling to earth. Range: 0.5 m (low) → 5+ m (elevated). Higher = less ground loss.
A25: Number of Radials / Counterpoises | C25: 1 | D25: count | E25: Each additional radial roughly halves counterpoise impedance (parallel combination). 4 radials → Zcp / 4.
A27: ⚠ IMPORTANT: Z_wire model is empirical (not NEC2). R_est = 50·80^(cos²(π·L/λ½)) and X_est = 1500·sin(2π·L/λ½) are approximations. Actual feedpoint Z varies with height, soil, wire diameter, nearby objects. For accurate results, use NEC2/EZNEC simulation or a vector antenna analyzer. VSWR values here are estimates only. ⚠ VSWR 'never matches reality': this is expected — the model ignores ground loss, wire height, and end effects. Use an ATU to compensate residual mismatch.
A28: Band | B28: f center (MHz) | C28: λ/4 (m) | D28: Zcp single radial (Ω est.) | E28: Zcp with N radials (Ω) | F28: Feed Z_wire (Ω) | G28: Z_effective (Ω, corrected) | H28: VSWR corrected | I28: Correction Factor | J28: Quality Assessment
A29: =A8 -> 160m | B29: =Calculator!D12 -> 1.9 | C29: =D8 -> 37.5 | D29: =IF(B8<>"YES","—",ROUND(MIN(500,MAX(30,(100*EXP(-0.3*C$24))*(1+3*ABS(MOD(C$23/C8,1)-0.5)))),0)) -> — | E29: =IF(B8<>"YES","—",ROUND(D29/C$25,0)) -> — | F29: =IF(B8<>"YES","—",F8) -> — | G29: =IF(B8<>"YES","—",ROUND(F8+E29,0)) -> — | H29: =IF(B8<>"YES","—",IF($C$4<D8,"—",ROUND((1+SQRT(((F8+E29-$C$5*50)^2+G8^2)/((F8+E29+$C$5*50)^2+G8^2)))/(1-SQRT(((F8+E29-$C$5*50)^2+G8^2)/((F8+E29+$C$5*50)^2+G8^2))),2))) -> — | I29: =IF(OR(B8<>"YES",F8="—"),"—",ROUND(G29/F8,2)) -> — | J29: =IF(B8<>"YES","Inactive band",IF($C$4<D8,"Wire too short for this band",IF(H29<1.5,"✔ Excellent — no tuner needed",IF(H29<3,"✔ Good — most tuners handle this",IF(H29<6,"⚠ Marginal — tuner required","✗ Poor — high-loss mismatch"))))) -> Inactive band
A30: =A9 -> 80m | B30: =Calculator!D13 -> 3.65 | C30: =D9 -> 19.52 | D30: =IF(B9<>"YES","—",ROUND(MIN(500,MAX(30,(100*EXP(-0.3*C$24))*(1+3*ABS(MOD(C$23/C9,1)-0.5)))),0)) -> — | E30: =IF(B9<>"YES","—",ROUND(D30/C$25,0)) -> — | F30: =IF(B9<>"YES","—",F9) -> — | G30: =IF(B9<>"YES","—",ROUND(F9+E30,0)) -> — | H30: =IF(B9<>"YES","—",IF($C$4<D9,"—",ROUND((1+SQRT(((F9+E30-$C$5*50)^2+G9^2)/((F9+E30+$C$5*50)^2+G9^2)))/(1-SQRT(((F9+E30-$C$5*50)^2+G9^2)/((F9+E30+$C$5*50)^2+G9^2))),2))) -> — | I30: =IF(OR(B9<>"YES",F9="—"),"—",ROUND(G30/F9,2)) -> — | J30: =IF(B9<>"YES","Inactive band",IF($C$4<D9,"Wire too short for this band",IF(H30<1.5,"✔ Excellent — no tuner needed",IF(H30<3,"✔ Good — most tuners handle this",IF(H30<6,"⚠ Marginal — tuner required","✗ Poor — high-loss mismatch"))))) -> Inactive band
A31: =A10 -> 60m | B31: =Calculator!D14 -> 5.359 | C31: =D10 -> 13.3 | D31: =IF(B10<>"YES","—",ROUND(MIN(500,MAX(30,(100*EXP(-0.3*C$24))*(1+3*ABS(MOD(C$23/C10,1)-0.5)))),0)) -> — | E31: =IF(B10<>"YES","—",ROUND(D31/C$25,0)) -> — | F31: =IF(B10<>"YES","—",F10) -> — | G31: =IF(B10<>"YES","—",ROUND(F10+E31,0)) -> — | H31: =IF(B10<>"YES","—",IF($C$4<D10,"—",ROUND((1+SQRT(((F10+E31-$C$5*50)^2+G10^2)/((F10+E31+$C$5*50)^2+G10^2)))/(1-SQRT(((F10+E31-$C$5*50)^2+G10^2)/((F10+E31+$C$5*50)^2+G10^2))),2))) -> — | I31: =IF(OR(B10<>"YES",F10="—"),"—",ROUND(G31/F10,2)) -> — | J31: =IF(B10<>"YES","Inactive band",IF($C$4<D10,"Wire too short for this band",IF(H31<1.5,"✔ Excellent — no tuner needed",IF(H31<3,"✔ Good — most tuners handle this",IF(H31<6,"⚠ Marginal — tuner required","✗ Poor — high-loss mismatch"))))) -> Inactive band
A32: =A11 -> 40m | B32: =Calculator!D15 -> 7.15 | C32: =D11 -> 9.97 | D32: =IF(B11<>"YES","—",ROUND(MIN(500,MAX(30,(100*EXP(-0.3*C$24))*(1+3*ABS(MOD(C$23/C11,1)-0.5)))),0)) -> 30 | E32: =IF(B11<>"YES","—",ROUND(D32/C$25,0)) -> 30 | F32: =IF(B11<>"YES","—",F11) -> 1171 | G32: =IF(B11<>"YES","—",ROUND(F11+E32,0)) -> 1201 | H32: =IF(B11<>"YES","—",IF($C$4<D11,"—",ROUND((1+SQRT(((F11+E32-$C$5*50)^2+G11^2)/((F11+E32+$C$5*50)^2+G11^2)))/(1-SQRT(((F11+E32-$C$5*50)^2+G11^2)/((F11+E32+$C$5*50)^2+G11^2))),2))) -> 6.24 | I32: =IF(OR(B11<>"YES",F11="—"),"—",ROUND(G32/F11,2)) -> 1.03 | J32: =IF(B11<>"YES","Inactive band",IF($C$4<D11,"Wire too short for this band",IF(H32<1.5,"✔ Excellent — no tuner needed",IF(H32<3,"✔ Good — most tuners handle this",IF(H32<6,"⚠ Marginal — tuner required","✗ Poor — high-loss mismatch"))))) -> ✗ Poor — high-loss mismatch
A33: =A12 -> 30m | B33: =Calculator!D16 -> 10.125 | C33: =D12 -> 7.04 | D33: =IF(B12<>"YES","—",ROUND(MIN(500,MAX(30,(100*EXP(-0.3*C$24))*(1+3*ABS(MOD(C$23/C12,1)-0.5)))),0)) -> — | E33: =IF(B12<>"YES","—",ROUND(D33/C$25,0)) -> — | F33: =IF(B12<>"YES","—",F12) -> — | G33: =IF(B12<>"YES","—",ROUND(F12+E33,0)) -> — | H33: =IF(B12<>"YES","—",IF($C$4<D12,"—",ROUND((1+SQRT(((F12+E33-$C$5*50)^2+G12^2)/((F12+E33+$C$5*50)^2+G12^2)))/(1-SQRT(((F12+E33-$C$5*50)^2+G12^2)/((F12+E33+$C$5*50)^2+G12^2))),2))) -> — | I33: =IF(OR(B12<>"YES",F12="—"),"—",ROUND(G33/F12,2)) -> — | J33: =IF(B12<>"YES","Inactive band",IF($C$4<D12,"Wire too short for this band",IF(H33<1.5,"✔ Excellent — no tuner needed",IF(H33<3,"✔ Good — most tuners handle this",IF(H33<6,"⚠ Marginal — tuner required","✗ Poor — high-loss mismatch"))))) -> Inactive band
A34: =A13 -> 20m | B34: =Calculator!D17 -> 14.175 | C34: =D13 -> 5.03 | D34: =IF(B13<>"YES","—",ROUND(MIN(500,MAX(30,(100*EXP(-0.3*C$24))*(1+3*ABS(MOD(C$23/C13,1)-0.5)))),0)) -> 55 | E34: =IF(B13<>"YES","—",ROUND(D34/C$25,0)) -> 55 | F34: =IF(B13<>"YES","—",F13) -> 182 | G34: =IF(B13<>"YES","—",ROUND(F13+E34,0)) -> 237 | H34: =IF(B13<>"YES","—",IF($C$4<D13,"—",ROUND((1+SQRT(((F13+E34-$C$5*50)^2+G13^2)/((F13+E34+$C$5*50)^2+G13^2)))/(1-SQRT(((F13+E34-$C$5*50)^2+G13^2)/((F13+E34+$C$5*50)^2+G13^2))),2))) -> 19.93 | I34: =IF(OR(B13<>"YES",F13="—"),"—",ROUND(G34/F13,2)) -> 1.3 | J34: =IF(B13<>"YES","Inactive band",IF($C$4<D13,"Wire too short for this band",IF(H34<1.5,"✔ Excellent — no tuner needed",IF(H34<3,"✔ Good — most tuners handle this",IF(H34<6,"⚠ Marginal — tuner required","✗ Poor — high-loss mismatch"))))) -> ✗ Poor — high-loss mismatch
A35: =A14 -> 17m | B35: =Calculator!D18 -> 18.118 | C35: =D14 -> 3.93 | D35: =IF(B14<>"YES","—",ROUND(MIN(500,MAX(30,(100*EXP(-0.3*C$24))*(1+3*ABS(MOD(C$23/C14,1)-0.5)))),0)) -> — | E35: =IF(B14<>"YES","—",ROUND(D35/C$25,0)) -> — | F35: =IF(B14<>"YES","—",F14) -> — | G35: =IF(B14<>"YES","—",ROUND(F14+E35,0)) -> — | H35: =IF(B14<>"YES","—",IF($C$4<D14,"—",ROUND((1+SQRT(((F14+E35-$C$5*50)^2+G14^2)/((F14+E35+$C$5*50)^2+G14^2)))/(1-SQRT(((F14+E35-$C$5*50)^2+G14^2)/((F14+E35+$C$5*50)^2+G14^2))),2))) -> — | I35: =IF(OR(B14<>"YES",F14="—"),"—",ROUND(G35/F14,2)) -> — | J35: =IF(B14<>"YES","Inactive band",IF($C$4<D14,"Wire too short for this band",IF(H35<1.5,"✔ Excellent — no tuner needed",IF(H35<3,"✔ Good — most tuners handle this",IF(H35<6,"⚠ Marginal — tuner required","✗ Poor — high-loss mismatch"))))) -> Inactive band
A36: =A15 -> 15m | B36: =Calculator!D19 -> 21.225 | C36: =D15 -> 3.36 | D36: =IF(B15<>"YES","—",ROUND(MIN(500,MAX(30,(100*EXP(-0.3*C$24))*(1+3*ABS(MOD(C$23/C15,1)-0.5)))),0)) -> — | E36: =IF(B15<>"YES","—",ROUND(D36/C$25,0)) -> — | F36: =IF(B15<>"YES","—",F15) -> — | G36: =IF(B15<>"YES","—",ROUND(F15+E36,0)) -> — | H36: =IF(B15<>"YES","—",IF($C$4<D15,"—",ROUND((1+SQRT(((F15+E36-$C$5*50)^2+G15^2)/((F15+E36+$C$5*50)^2+G15^2)))/(1-SQRT(((F15+E36-$C$5*50)^2+G15^2)/((F15+E36+$C$5*50)^2+G15^2))),2))) -> — | I36: =IF(OR(B15<>"YES",F15="—"),"—",ROUND(G36/F15,2)) -> — | J36: =IF(B15<>"YES","Inactive band",IF($C$4<D15,"Wire too short for this band",IF(H36<1.5,"✔ Excellent — no tuner needed",IF(H36<3,"✔ Good — most tuners handle this",IF(H36<6,"⚠ Marginal — tuner required","✗ Poor — high-loss mismatch"))))) -> Inactive band
A37: =A16 -> 12m | B37: =Calculator!D20 -> 24.94 | C37: =D16 -> 2.86 | D37: =IF(B16<>"YES","—",ROUND(MIN(500,MAX(30,(100*EXP(-0.3*C$24))*(1+3*ABS(MOD(C$23/C16,1)-0.5)))),0)) -> — | E37: =IF(B16<>"YES","—",ROUND(D37/C$25,0)) -> — | F37: =IF(B16<>"YES","—",F16) -> — | G37: =IF(B16<>"YES","—",ROUND(F16+E37,0)) -> — | H37: =IF(B16<>"YES","—",IF($C$4<D16,"—",ROUND((1+SQRT(((F16+E37-$C$5*50)^2+G16^2)/((F16+E37+$C$5*50)^2+G16^2)))/(1-SQRT(((F16+E37-$C$5*50)^2+G16^2)/((F16+E37+$C$5*50)^2+G16^2))),2))) -> — | I37: =IF(OR(B16<>"YES",F16="—"),"—",ROUND(G37/F16,2)) -> — | J37: =IF(B16<>"YES","Inactive band",IF($C$4<D16,"Wire too short for this band",IF(H37<1.5,"✔ Excellent — no tuner needed",IF(H37<3,"✔ Good — most tuners handle this",IF(H37<6,"⚠ Marginal — tuner required","✗ Poor — high-loss mismatch"))))) -> Inactive band
A38: =A17 -> 10m | B38: =Calculator!D21 -> 28.85 | C38: =D17 -> 2.47 | D38: =IF(B17<>"YES","—",ROUND(MIN(500,MAX(30,(100*EXP(-0.3*C$24))*(1+3*ABS(MOD(C$23/C17,1)-0.5)))),0)) -> — | E38: =IF(B17<>"YES","—",ROUND(D38/C$25,0)) -> — | F38: =IF(B17<>"YES","—",F17) -> — | G38: =IF(B17<>"YES","—",ROUND(F17+E38,0)) -> — | H38: =IF(B17<>"YES","—",IF($C$4<D17,"—",ROUND((1+SQRT(((F17+E38-$C$5*50)^2+G17^2)/((F17+E38+$C$5*50)^2+G17^2)))/(1-SQRT(((F17+E38-$C$5*50)^2+G17^2)/((F17+E38+$C$5*50)^2+G17^2))),2))) -> — | I38: =IF(OR(B17<>"YES",F17="—"),"—",ROUND(G38/F17,2)) -> — | J38: =IF(B17<>"YES","Inactive band",IF($C$4<D17,"Wire too short for this band",IF(H38<1.5,"✔ Excellent — no tuner needed",IF(H38<3,"✔ Good — most tuners handle this",IF(H38<6,"⚠ Marginal — tuner required","✗ Poor — high-loss mismatch"))))) -> Inactive band
A39: =A18 -> 6m | B39: =Calculator!D22 -> 52 | C39: =D18 -> 1.37 | D39: =IF(B18<>"YES","—",ROUND(MIN(500,MAX(30,(100*EXP(-0.3*C$24))*(1+3*ABS(MOD(C$23/C18,1)-0.5)))),0)) -> — | E39: =IF(B18<>"YES","—",ROUND(D39/C$25,0)) -> — | F39: =IF(B18<>"YES","—",F18) -> — | G39: =IF(B18<>"YES","—",ROUND(F18+E39,0)) -> — | H39: =IF(B18<>"YES","—",IF($C$4<D18,"—",ROUND((1+SQRT(((F18+E39-$C$5*50)^2+G18^2)/((F18+E39+$C$5*50)^2+G18^2)))/(1-SQRT(((F18+E39-$C$5*50)^2+G18^2)/((F18+E39+$C$5*50)^2+G18^2))),2))) -> — | I39: =IF(OR(B18<>"YES",F18="—"),"—",ROUND(G39/F18,2)) -> — | J39: =IF(B18<>"YES","Inactive band",IF($C$4<D18,"Wire too short for this band",IF(H39<1.5,"✔ Excellent — no tuner needed",IF(H39<3,"✔ Good — most tuners handle this",IF(H39<6,"⚠ Marginal — tuner required","✗ Poor — high-loss mismatch"))))) -> Inactive band
A41: ⚠ INTERPRETATION: Z_effective = Z_wire + Zcp (series return path model). Higher Zcp (short/elevated counterpoise) increases effective feedpoint impedance, shifting the optimal UnUn ratio up. Lower Zcp (long/multiple radials, ground-mounted) approaches the infinite-ground assumption used in the main VSWR table above. Correction Factor > 1.2 indicates significant counterpoise influence — consider adding more radials or lengthening counterpoise to λ/4 of lowest active band. Note: Zcp reactance is neglected in this model (Zcp treated as purely resistive); actual VSWR may differ slightly for elevated/short counterpoises.
A43: VSWR guide: | B43: < 1.5: Excellent | C43: 1.5–3.0: Good (tuner helpful) | D43: 3.0–6.0: Marginal (tuner needed) | E43: > 6.0: Poor (high-loss mismatch)
A45: 📊 Chart below — Dashed reference thresholds: VSWR 1.5 = excellent boundary · VSWR 3.0 = tuner boundary Bars absent = inactive band or wire too short for that band

Sheet UnUn Calculator
B1: UnUn & Impedance Matching Calculator
B2: By Emiliano Gonzalez LU3VEA – lu3vea@gmail.com – License: CC0 v1.0
B4: 🎯 QUICK SELECTION — Pick antenna & band to auto-fill System Parameters below
B5: Antenna Length (m): | C5: 53.4 | D5: ← Choose Top-10 length | F5: Band: | G5: 10m | H5: ← Select band → auto-fills Operating Frequency, Load Impedance, and Wire Length
B7: 1. System Parameters (Inputs)
B8: Operating Frequency | C8: =IFERROR(INDEX(Calculator!$D$12:$D$22,MATCH(G5,Calculator!$A$12:$A$22,0)),7.1) -> 28.85 | D8: MHz [auto ↑]
B9: Target Input Impedance (Real, Rin) | C9: 50 | D9: Ohms (Ω)
B10: Target Input Impedance (Imag, Xin) | C10: 0 | D10: Ohms (Ω)
B11: Output / Load Impedance (Real, Rout) | C11: =IFERROR(ROUND(50*POWER(80,POWER(COS(PI()*C5/INDEX(Calculator!$F$12:$F$22,MATCH(G5,Calculator!$A$12:$A$22,0))),2)),0),450) -> 1017 | D11: Ω [auto ↑]
B12: Output / Load Impedance (Imag, Xout) | C12: =IFERROR(ROUND(1500*SIN(2*PI()*C5/INDEX(Calculator!$F$12:$F$22,MATCH(G5,Calculator!$A$12:$A$22,0))),0),150) -> -1391 | D12: Ω [auto ↑]
B13: Toroid Core Selection | C13: T-200-2
B14: Primary Winding Turns (Np) | C14: 20 | D14: Turns
B15: Wire Winding Diameter | C15: 2 | D15: mm
B17: 2. UnUn Transformer Properties
B18: Impedance Ratio (Rout / Rin) | C18: =C11/C9 -> 20.34 | D18: : 1 | E18: ← Uses resistive part only. Correct: match R, then separately cancel X with series L/C.. For complex load ideal UnUn targets Rin=Rout.
B19: Turns Ratio (Ns / Np) | C19: =SQRT(C18) -> 4.5099889
B20: Calculated Secondary Turns (Ns) | C20: =C14*C19 -> 90.199778 | D20: Turns
B21: Actual Secondary Turns (Rounded) | C21: =ROUND(C20, 0) -> 90 | D21: Turns | E21: =ROUND(0.8*((PI()*VLOOKUP(C13,Toroid_Database!A:F, 5, FALSE()))/C15),0) -> 40 | F21: =IF(C21>E21,"⛔ ERROR: Ns="&TEXT(C21,"0")&" EXCEEDS core max of "&TEXT(E21,"0")&" turns! Use larger core or reduce impedance ratio.","✔ OK — Ns within limit | ← Max turns allowed: "&TEXT(E21,"0")) -> ⛔ ERROR: Ns=90 EXCEEDS core max of 40 turns! Use larger core or reduce impedance ratio.
B22: Actual Impedance Ratio (Based on Turns) | C22: =(C21/C14)^2 -> 20.25 | D22: : 1
B23: Transformed Load Reactance (Seen at Input) | C23: =C12/C22 -> -68.691358 | D23: Ohms (Ω)
B25: 2.1 Winding Parameters Autotransformer
B26: Total Winding Turns (Nt) | C26: =C21 -> 90 | D26: Turns | E26: ← Full winding turns = Ns (Actual Secondary Turns from Section 2)
B27: Tap Turns for Input (N_tap) | C27: =C14 -> 20 | D27: Turns | E27: ← Input tap = Np (Primary Turns, Section 1). Feed coax at 0–N_tap turns; antenna across full winding 0–Nt.
B28: Turns Above Tap (Nt − N_tap) | C28: =C26-C27 -> 70 | D28: Turns | E28: ← Winding turns from tap to end of coil (antenna side)
B29: Impedance Ratio Check (Nt/N_tap)² | C29: =(C26/C27)^2 -> 20.25 | D29: : 1 | E29: ← Must match Actual Impedance Ratio (C21). Verifies tap calculation is consistent.
B30: Approx. Wire Length per Turn (m) | C30: =ROUND(PI()*((VLOOKUP(C13,Toroid_Database!A:F,4,FALSE())+VLOOKUP(C13,Toroid_Database!A:F,5,FALSE()))/2)/1000,3) -> 0.13 | D30: m / turn | E30: ← Estimated: π × (mean toroid diameter = (OD+ID)/2). Actual varies with wire diameter & winding style.
B31: Total Wire Length Required (m) | C31: =ROUND(C26*C30,2) -> 11.7 | D31: m | E31: ← Nt × wire-per-turn. Add 15–20 cm extra for terminations.
B33: 3. Reactance Compensation (Matching)
B34: To achieve a perfect match, the imaginary part of the load must be neutralized. This is typically done by adding series reactance at the load side before the UnUn.
B35: Required Compensation Reactance (Xcomp) | C35: =-C12 -> 1391 | D35: Ohms (Ω)
B36: Component Type Needed | C36: =IF(C35>0, "Inductor (Series L)", IF(C35<0, "Capacitor (Series C)", "None")) -> Inductor (Series L)
B37: Component Value (L or C) | C37: =IF(C35>0, C35/(2*PI()*C8), IF(C35<0, 1000000/(2*PI()*C8*ABS(C35)), 0)) -> 7.6736404 | D37: =IF(C35>0,ROUND(C37,0),IF(C35<0,INDEX({1,1.1,1.2,1.3,1.5,1.6,1.8,2,2.2,2.4,2.7,3,3.3,3.6,3.9,4.3,4.7,5.1,5.6,6.2,6.8,7.5,8.2,9.1},MATCH(MIN(ABS({1,1.1,1.2,1.3,1.5,1.6,1.8,2,2.2,2.4,2.7,3,3.3,3.6,3.9,4.3,4.7,5.1,5.6,6.2,6.8,7.5,8.2,9.1}-C37/POWER(10,INT(LOG10(C37))))),ABS({1,1.1,1.2,1.3,1.5,1.6,1.8,2,2.2,2.4,2.7,3,3.3,3.6,3.9,4.3,4.7,5.1,5.6,6.2,6.8,7.5,8.2,9.1}-C37/POWER(10,INT(LOG10(C37)))),0))*POWER(10,INT(LOG10(C37))),0)) -> 8 | E37: ← Standard value (L: Round, C: Std 5%)
B38: Unit | C38: =IF(C35>0, "µH", IF(C35<0, "pF", "-")) -> µH
B40: 4. Toroid Magnetics & Design Check
B41: Core AL Value | C41: =VLOOKUP(C13,Toroid_Database!A:F, 3, FALSE()) -> 12 | D41: nH/N²
B42: Primary Inductance (Lp) | C42: =C41*(C14^2)/1000 -> 4.8 | D42: µH
B43: Primary Reactance (XLp) @ Freq | C43: =2*PI()*C8*C42 -> 870.0955 | D43: Ohms (Ω)
B44: Design Check (Rule of Thumb: XLp > 4*Rin) | C44: =IF(C43 >= (4*C9), "ADEQUATE", "WARNING: INCREASE PRIMARY TURNS") -> ADEQUATE
B46: Note: Primary reactance (XLp) should generally be at least 4 to 5 times the input impedance (e.g., > 200Ω for a 50Ω system) to prevent the transformer from loading down the source.
B48: 5. Counterpoise Impedance Analysis
B49: The counterpoise (ground reference) return path impedance adds in series with the load at the UnUn primary. Inputs below estimate real-world feedpoint impedance seen by the transformer.
B51: 5a. Counterpoise Inputs
B52: Counterpoise Length (m) | C52: =Calculator!D25 -> 9.965035 | D52: m | E52: ← λ/4 of lowest active band. See Calculator sheet.
B53: Counterpoise Height above ground (m) | C53: 2 | D53: m | E53: ← Typical: 1–3 m for elevated wire. Higher = lower Zcp.
B54: Number of Radials / Counterpoises | C54: 1 | D54: count | E54: ← Multiple radials reduce Zcp proportionally (parallel).
B55: 5b. Calculated Counterpoise & Corrected Feedpoint Impedance
B56: Operating Frequency for Zcp (uses C7) | C56: =C8 -> 28.85 | D56: MHz | E56: ← Linked from System Parameters (C7)
B57: λ/4 at Operating Frequency (m) | C57: =ROUND(Calculator!$D$7*300/(4*C56),2) -> 2.47 | D57: m
B58: Zcp — Single Radial (Ω, estimated) | C58: =ROUND(MIN(500,MAX(30,(100*EXP(-0.3*C53))*(1+3*ABS(MOD(C52/C57,1)-0.5)))),0) -> 132 | D58: Ω | E58: ← NEC-correlated model: base 100·e^(−0.3h) Ω × resonance factor. Range: 30–500 Ω.
B59: Zcp — With N Radials (Ω, parallel) | C59: =ROUND(C58/C54,0) -> 132 | D59: Ω | E59: ← C62 / N radials (parallel impedances). Target < 100 Ω for low ground loss.
B60: Corrected Feedpoint Z — Real (Ω) | C60: =ROUND(C11+C59,0) -> 1149 | D60: Ω | E60: ← Rout (C10) + Zcp_N. Series return path: UnUn primary sees this total impedance.
B61: Corrected Impedance Ratio (vs 50 Ω coax) | C61: =ROUND(C60/C9,2) -> 22.98 | D61: : 1 | E61: ← Corrected ratio to use for UnUn winding design. Compare to C17 (uncorrected).
B62: Recommended Turns Ratio (corrected) | C62: =ROUND(SQRT(C61),2) -> 4.79 | D62: Ns:Np | E62: ← √(corrected ratio). Compare to C18 (Turns Ratio). Adjust Np (C13) accordingly.
B63: Counterpoise Impedance Contribution | C63: =IF(C11>0,ROUND(C59/C11*100,1)&"% of Rout","—") -> 13% of Rout | D63: % of Rout | E63: ← > 20% = counterpoise significantly shifts matching. > 50% = critical — add radials.
B64: Counterpoise Match Impact | C64: =IF(C59>C11*0.5,"⚠ HIGH IMPACT — Counterpoise Z > 50% of Rout. Add radials or lengthen counterpoise to improve match accuracy.",IF(C59>C11*0.2,"⚠ MODERATE IMPACT — Zcp adds ~"&ROUND(C59/C11*100,0)&"% to feedpoint Z. Corrected ratio is recommended.","✔ LOW IMPACT — Counterpoise Zcp < 20% of Rout. Original UnUn design adequate.")) -> ✔ LOW IMPACT — Counterpoise Zcp < 20% of Rout. Original UnUn design adequate.
B66: Physics note: In a real UnUn installation the return current flows back through the counterpoise wire. The counterpoise impedance Zcp appears in series with the antenna load Rout at the transformer primary. This raises the effective Z seen by the transformer, requiring a higher turns ratio than infinite-ground models predict. The effect is most pronounced on lower bands (longer λ/4) and with a single, elevated counterpoise.
B68: 6. Core Saturation & Max Power Handling
B69: Toroid core saturation limits RF power handling. Exceeding Bmax causes distortion and core heating. Iron powder cores (Mix 2/6) are rated by flux density; ferrite cores (Mix 31/43) have lower Bsat.
B70: 6a. Saturation Inputs
B71: Core Effective Area Ae (cm²): | C71: =IFERROR(VLOOKUP(C13,Toroid_Database!A:G,7,FALSE()),1) -> 1.58 | D71: cm² | E71: ← Auto-filled from core selection (Fair-Rite 2023 catalog; Amidon datasheet for T-cores). Override if using custom core.
B72: Max Flux Density Bmax (mT): | C72: =IF(OR(C13="FT-114-43",C13="FT-140-43",C13="FT-240-43",C13="FT-114-31",C13="FT-140-31",C13="FT-240-31",C13="FT-114-52",C13="FT-140-52",C13="FT-240-52",C13="FT-114-61",C13="FT-140-61",C13="FT-240-61"),200,300) -> 300 | D72: mT | E72: ← 200 mT ferrite (Mix 31/43/52/61) conservative; 300 mT iron powder (Mix 2/6). Reduce 20% for continuous key-down (FT8/WSPR).
B73: 6b. Power Handling Calculations
B74: Max Input Voltage before Saturation (Vpeak): | C74: =ROUND((C72/1000)*2*PI()*(C8*1000000)*C14*(C71*0.0001),1) -> 171843.9 | D74: V peak
B75: Magnetic Sat. Limit (P_avg) into 50 Ω: | C75: =ROUND(C74^2/(2*C9),0) -> 295303260 | D75: W | E75: ← Average power at magnetic saturation limit (P = Vpeak²/2R). For iron powder (Mix 2/6) at HF, thermal limits are far lower (typ. 100–400W for T-200-2). For ferrite cores, magnetic saturation IS the practical limit.
B76: Saturation Status: | C76: =IF(C75>=1500,"✔ HIGH POWER — > 1500 W saturation headroom",IF(C75>=500,"✔ OK — moderate power handling ("&C75&" W PEP max)",IF(C75>=100,"⚠ LIMITED — low power core ("&C75&" W PEP max). Increase Np or use larger core.","⛔ INSUFFICIENT — core will saturate at low power. Use FT-240 or increase primary turns."))) -> ✔ HIGH POWER — > 1500 W saturation headroom
B78: ⚠ Note: This model gives a useful estimate based on Faraday's law. Actual power handling also depends on copper loss (winding resistance), core thermal resistance, and duty cycle. Derate 50% for continuous digital modes (FT8, WSPR). Always verify against manufacturer datasheet at operating frequency.
B80: 7. Multi-Band Reactive Compensation Analysis — VSWR With / Without Series C or L
B81: A fixed series capacitor (C) or inductor (L) placed at the load side of the UnUn cancels the antenna reactance Xout at the design frequency (Section 3). But because reactance is FREQUENCY-DEPENDENT, the same component over/under-compensates on other bands — improving VSWR on some while worsening it on others. This table shows the full multi-band picture. Blue cells are editable inputs; Section 3 values are auto-linked but can be overridden.
B82: 7a. Compensation Component Inputs (blue = editable)
B83: Wire Length (m) | C83: =C5 -> 53.4 | D83: m | E83: ← Linked from VSWR Calculator sheet. Change there if needed.
B84: Compensation Type | C84: =C36 -> Inductor (Series L) | E84: ← Auto-linked from Section 3. Options: 'Capacitor (Series C)' or 'Inductor (Series L)'
B85: Component Value | C85: =D37 -> 8 | D85: =C38 -> µH | E85: ← Auto-linked from Section 3 (pF for C, µH for L). Override here for custom value.
B86: UnUn Impedance Ratio (N²) | C86: =C22 -> 20.25 | D86: : 1 | E86: ← From Section 2. Actual ratio based on winding turns.
B87: Reference Impedance (Z₀) | C87: 50 | D87: Ω | E87: ← Coax / source impedance. Standard 50 Ω.
B89: 7b. Per-Band VSWR Comparison — No Compensation vs. With Compensation Component
B90: Band | C90: f center (MHz) | D90: Active | E90: λ/2 (m) | F90: L / λ½ (frac) | G90: R_wire (Ω) | H90: X_wire (Ω) | I90: Xcomp(f) (Ω) — freq. dep. | J90: X_compensated (Ω) | K90: VSWR No Comp | L90: VSWR With Comp | M90: ΔVSWR (comp−uncomp) | N90: Assessment
B91: =Calculator!A12 -> 160m | C91: =Calculator!D12 -> 1.9 | D91: =Calculator!E12 -> NO | E91: =Calculator!F12 -> 75 | F91: =IF(AND(D91="YES",$C$83>=Calculator!G12),MOD($C$83/E91,1),"—") -> — | G91: =IF(AND(D91="YES",$C$83>=Calculator!G12),ROUND(50*POWER(80,COS(PI()*MOD($C$83/E91,1))^2),0),"—") -> — | H91: =IF(AND(D91="YES",$C$83>=Calculator!G12),ROUND(1500*SIN(2*PI()*MOD($C$83/E91,1)),1),"—") -> — | I91: =IF(D91<>"YES","—",IF(OR($C$84="Capacitor (Series C)",$C$84="Capacitor"),ROUND(-159155/(C91*$C$85),1),IF(OR($C$84="Inductor (Series L)",$C$84="Inductor"),ROUND(2*PI()*C91*$C$85,1),"—"))) -> — | J91: =IF(AND(D91="YES",ISNUMBER(H91),ISNUMBER(I91)),ROUND(H91+I91,1),"—") -> — | K91: =IF(AND(D91="YES",ISNUMBER(G91),ISNUMBER(H91)),(1+SQRT((G91/$C$86-$C$87)^2+(H91/$C$86)^2)/SQRT((G91/$C$86+$C$87)^2+(H91/$C$86)^2))/(1-SQRT((G91/$C$86-$C$87)^2+(H91/$C$86)^2)/SQRT((G91/$C$86+$C$87)^2+(H91/$C$86)^2)),"—") -> — | L91: =IF(AND(D91="YES",ISNUMBER(G91),ISNUMBER(J91)),(1+SQRT((G91/$C$86-$C$87)^2+(J91/$C$86)^2)/SQRT((G91/$C$86+$C$87)^2+(J91/$C$86)^2))/(1-SQRT((G91/$C$86-$C$87)^2+(J91/$C$86)^2)/SQRT((G91/$C$86+$C$87)^2+(J91/$C$86)^2)),"—") -> — | M91: =IF(AND(ISNUMBER(K91),ISNUMBER(L91)),ROUND(L91-K91,2),"—") -> — | N91: =IF(D91<>"YES","Inactive band",IF(NOT(ISNUMBER(K91)),"Wire too short for this band",IF(NOT(ISNUMBER(L91)),"Comp value error",IF(AND(L91<=1.5,K91>1.5),"✔✔ EXCELLENT — comp brings VSWR < 1.5",IF(AND(L91<=1.5,K91<=1.5),"✔ Already excellent — small further gain",IF(AND(L91<K91,L91<=3),"✔ IMPROVED — VSWR now tuner-friendly",IF(AND(L91<K91,L91<=6),"▲ Partial improvement — tuner still needed",IF(L91<K91,"▲ Small improvement — high VSWR remains",IF(M91<=0.1,"→ Negligible change (±0.1)","✗ DEGRADED — comp increases VSWR on this band"))))))))) -> Inactive band
B92: =Calculator!A13 -> 80m | C92: =Calculator!D13 -> 3.65 | D92: =Calculator!E13 -> NO | E92: =Calculator!F13 -> 39.041096 | F92: =IF(AND(D92="YES",$C$83>=Calculator!G13),MOD($C$83/E92,1),"—") -> — | G92: =IF(AND(D92="YES",$C$83>=Calculator!G13),ROUND(50*POWER(80,COS(PI()*MOD($C$83/E92,1))^2),0),"—") -> — | H92: =IF(AND(D92="YES",$C$83>=Calculator!G13),ROUND(1500*SIN(2*PI()*MOD($C$83/E92,1)),1),"—") -> — | I92: =IF(D92<>"YES","—",IF(OR($C$84="Capacitor (Series C)",$C$84="Capacitor"),ROUND(-159155/(C92*$C$85),1),IF(OR($C$84="Inductor (Series L)",$C$84="Inductor"),ROUND(2*PI()*C92*$C$85,1),"—"))) -> — | J92: =IF(AND(D92="YES",ISNUMBER(H92),ISNUMBER(I92)),ROUND(H92+I92,1),"—") -> — | K92: =IF(AND(D92="YES",ISNUMBER(G92),ISNUMBER(H92)),(1+SQRT((G92/$C$86-$C$87)^2+(H92/$C$86)^2)/SQRT((G92/$C$86+$C$87)^2+(H92/$C$86)^2))/(1-SQRT((G92/$C$86-$C$87)^2+(H92/$C$86)^2)/SQRT((G92/$C$86+$C$87)^2+(H92/$C$86)^2)),"—") -> — | L92: =IF(AND(D92="YES",ISNUMBER(G92),ISNUMBER(J92)),(1+SQRT((G92/$C$86-$C$87)^2+(J92/$C$86)^2)/SQRT((G92/$C$86+$C$87)^2+(J92/$C$86)^2))/(1-SQRT((G92/$C$86-$C$87)^2+(J92/$C$86)^2)/SQRT((G92/$C$86+$C$87)^2+(J92/$C$86)^2)),"—") -> — | M92: =IF(AND(ISNUMBER(K92),ISNUMBER(L92)),ROUND(L92-K92,2),"—") -> — | N92: =IF(D92<>"YES","Inactive band",IF(NOT(ISNUMBER(K92)),"Wire too short for this band",IF(NOT(ISNUMBER(L92)),"Comp value error",IF(AND(L92<=1.5,K92>1.5),"✔✔ EXCELLENT — comp brings VSWR < 1.5",IF(AND(L92<=1.5,K92<=1.5),"✔ Already excellent — small further gain",IF(AND(L92<K92,L92<=3),"✔ IMPROVED — VSWR now tuner-friendly",IF(AND(L92<K92,L92<=6),"▲ Partial improvement — tuner still needed",IF(L92<K92,"▲ Small improvement — high VSWR remains",IF(M92<=0.1,"→ Negligible change (±0.1)","✗ DEGRADED — comp increases VSWR on this band"))))))))) -> Inactive band
B93: =Calculator!A14 -> 60m | C93: =Calculator!D14 -> 5.359 | D93: =Calculator!E14 -> NO | E93: =Calculator!F14 -> 26.590782 | F93: =IF(AND(D93="YES",$C$83>=Calculator!G14),MOD($C$83/E93,1),"—") -> — | G93: =IF(AND(D93="YES",$C$83>=Calculator!G14),ROUND(50*POWER(80,COS(PI()*MOD($C$83/E93,1))^2),0),"—") -> — | H93: =IF(AND(D93="YES",$C$83>=Calculator!G14),ROUND(1500*SIN(2*PI()*MOD($C$83/E93,1)),1),"—") -> — | I93: =IF(D93<>"YES","—",IF(OR($C$84="Capacitor (Series C)",$C$84="Capacitor"),ROUND(-159155/(C93*$C$85),1),IF(OR($C$84="Inductor (Series L)",$C$84="Inductor"),ROUND(2*PI()*C93*$C$85,1),"—"))) -> — | J93: =IF(AND(D93="YES",ISNUMBER(H93),ISNUMBER(I93)),ROUND(H93+I93,1),"—") -> — | K93: =IF(AND(D93="YES",ISNUMBER(G93),ISNUMBER(H93)),(1+SQRT((G93/$C$86-$C$87)^2+(H93/$C$86)^2)/SQRT((G93/$C$86+$C$87)^2+(H93/$C$86)^2))/(1-SQRT((G93/$C$86-$C$87)^2+(H93/$C$86)^2)/SQRT((G93/$C$86+$C$87)^2+(H93/$C$86)^2)),"—") -> — | L93: =IF(AND(D93="YES",ISNUMBER(G93),ISNUMBER(J93)),(1+SQRT((G93/$C$86-$C$87)^2+(J93/$C$86)^2)/SQRT((G93/$C$86+$C$87)^2+(J93/$C$86)^2))/(1-SQRT((G93/$C$86-$C$87)^2+(J93/$C$86)^2)/SQRT((G93/$C$86+$C$87)^2+(J93/$C$86)^2)),"—") -> — | M93: =IF(AND(ISNUMBER(K93),ISNUMBER(L93)),ROUND(L93-K93,2),"—") -> — | N93: =IF(D93<>"YES","Inactive band",IF(NOT(ISNUMBER(K93)),"Wire too short for this band",IF(NOT(ISNUMBER(L93)),"Comp value error",IF(AND(L93<=1.5,K93>1.5),"✔✔ EXCELLENT — comp brings VSWR < 1.5",IF(AND(L93<=1.5,K93<=1.5),"✔ Already excellent — small further gain",IF(AND(L93<K93,L93<=3),"✔ IMPROVED — VSWR now tuner-friendly",IF(AND(L93<K93,L93<=6),"▲ Partial improvement — tuner still needed",IF(L93<K93,"▲ Small improvement — high VSWR remains",IF(M93<=0.1,"→ Negligible change (±0.1)","✗ DEGRADED — comp increases VSWR on this band"))))))))) -> Inactive band
B94: =Calculator!A15 -> 40m | C94: =Calculator!D15 -> 7.15 | D94: =Calculator!E15 -> YES | E94: =Calculator!F15 -> 19.93007 | F94: =IF(AND(D94="YES",$C$83>=Calculator!G15),MOD($C$83/E94,1),"—") -> 0.67936842 | G94: =IF(AND(D94="YES",$C$83>=Calculator!G15),ROUND(50*POWER(80,COS(PI()*MOD($C$83/E94,1))^2),0),"—") -> 175 | H94: =IF(AND(D94="YES",$C$83>=Calculator!G15),ROUND(1500*SIN(2*PI()*MOD($C$83/E94,1)),1),"—") -> -1354.7 | I94: =IF(D94<>"YES","—",IF(OR($C$84="Capacitor (Series C)",$C$84="Capacitor"),ROUND(-159155/(C94*$C$85),1),IF(OR($C$84="Inductor (Series L)",$C$84="Inductor"),ROUND(2*PI()*C94*$C$85,1),"—"))) -> 359.4 | J94: =IF(AND(D94="YES",ISNUMBER(H94),ISNUMBER(I94)),ROUND(H94+I94,1),"—") -> -995.3 | K94: =IF(AND(D94="YES",ISNUMBER(G94),ISNUMBER(H94)),(1+SQRT((G94/$C$86-$C$87)^2+(H94/$C$86)^2)/SQRT((G94/$C$86+$C$87)^2+(H94/$C$86)^2))/(1-SQRT((G94/$C$86-$C$87)^2+(H94/$C$86)^2)/SQRT((G94/$C$86+$C$87)^2+(H94/$C$86)^2)),"—") -> 16.25449 | L94: =IF(AND(D94="YES",ISNUMBER(G94),ISNUMBER(J94)),(1+SQRT((G94/$C$86-$C$87)^2+(J94/$C$86)^2)/SQRT((G94/$C$86+$C$87)^2+(J94/$C$86)^2))/(1-SQRT((G94/$C$86-$C$87)^2+(J94/$C$86)^2)/SQRT((G94/$C$86+$C$87)^2+(J94/$C$86)^2)),"—") -> 11.462122 | M94: =IF(AND(ISNUMBER(K94),ISNUMBER(L94)),ROUND(L94-K94,2),"—") -> -4.79 | N94: =IF(D94<>"YES","Inactive band",IF(NOT(ISNUMBER(K94)),"Wire too short for this band",IF(NOT(ISNUMBER(L94)),"Comp value error",IF(AND(L94<=1.5,K94>1.5),"✔✔ EXCELLENT — comp brings VSWR < 1.5",IF(AND(L94<=1.5,K94<=1.5),"✔ Already excellent — small further gain",IF(AND(L94<K94,L94<=3),"✔ IMPROVED — VSWR now tuner-friendly",IF(AND(L94<K94,L94<=6),"▲ Partial improvement — tuner still needed",IF(L94<K94,"▲ Small improvement — high VSWR remains",IF(M94<=0.1,"→ Negligible change (±0.1)","✗ DEGRADED — comp increases VSWR on this band"))))))))) -> ▲ Small improvement — high VSWR remains
B95: =Calculator!A16 -> 30m | C95: =Calculator!D16 -> 10.125 | D95: =Calculator!E16 -> NO | E95: =Calculator!F16 -> 14.074074 | F95: =IF(AND(D95="YES",$C$83>=Calculator!G16),MOD($C$83/E95,1),"—") -> — | G95: =IF(AND(D95="YES",$C$83>=Calculator!G16),ROUND(50*POWER(80,COS(PI()*MOD($C$83/E95,1))^2),0),"—") -> — | H95: =IF(AND(D95="YES",$C$83>=Calculator!G16),ROUND(1500*SIN(2*PI()*MOD($C$83/E95,1)),1),"—") -> — | I95: =IF(D95<>"YES","—",IF(OR($C$84="Capacitor (Series C)",$C$84="Capacitor"),ROUND(-159155/(C95*$C$85),1),IF(OR($C$84="Inductor (Series L)",$C$84="Inductor"),ROUND(2*PI()*C95*$C$85,1),"—"))) -> — | J95: =IF(AND(D95="YES",ISNUMBER(H95),ISNUMBER(I95)),ROUND(H95+I95,1),"—") -> — | K95: =IF(AND(D95="YES",ISNUMBER(G95),ISNUMBER(H95)),(1+SQRT((G95/$C$86-$C$87)^2+(H95/$C$86)^2)/SQRT((G95/$C$86+$C$87)^2+(H95/$C$86)^2))/(1-SQRT((G95/$C$86-$C$87)^2+(H95/$C$86)^2)/SQRT((G95/$C$86+$C$87)^2+(H95/$C$86)^2)),"—") -> — | L95: =IF(AND(D95="YES",ISNUMBER(G95),ISNUMBER(J95)),(1+SQRT((G95/$C$86-$C$87)^2+(J95/$C$86)^2)/SQRT((G95/$C$86+$C$87)^2+(J95/$C$86)^2))/(1-SQRT((G95/$C$86-$C$87)^2+(J95/$C$86)^2)/SQRT((G95/$C$86+$C$87)^2+(J95/$C$86)^2)),"—") -> — | M95: =IF(AND(ISNUMBER(K95),ISNUMBER(L95)),ROUND(L95-K95,2),"—") -> — | N95: =IF(D95<>"YES","Inactive band",IF(NOT(ISNUMBER(K95)),"Wire too short for this band",IF(NOT(ISNUMBER(L95)),"Comp value error",IF(AND(L95<=1.5,K95>1.5),"✔✔ EXCELLENT — comp brings VSWR < 1.5",IF(AND(L95<=1.5,K95<=1.5),"✔ Already excellent — small further gain",IF(AND(L95<K95,L95<=3),"✔ IMPROVED — VSWR now tuner-friendly",IF(AND(L95<K95,L95<=6),"▲ Partial improvement — tuner still needed",IF(L95<K95,"▲ Small improvement — high VSWR remains",IF(M95<=0.1,"→ Negligible change (±0.1)","✗ DEGRADED — comp increases VSWR on this band"))))))))) -> Inactive band
B96: =Calculator!A17 -> 20m | C96: =Calculator!D17 -> 14.175 | D96: =Calculator!E17 -> YES | E96: =Calculator!F17 -> 10.05291 | F96: =IF(AND(D96="YES",$C$83>=Calculator!G17),MOD($C$83/E96,1),"—") -> 0.31189474 | G96: =IF(AND(D96="YES",$C$83>=Calculator!G17),ROUND(50*POWER(80,COS(PI()*MOD($C$83/E96,1))^2),0),"—") -> 195 | H96: =IF(AND(D96="YES",$C$83>=Calculator!G17),ROUND(1500*SIN(2*PI()*MOD($C$83/E96,1)),1),"—") -> 1388 | I96: =IF(D96<>"YES","—",IF(OR($C$84="Capacitor (Series C)",$C$84="Capacitor"),ROUND(-159155/(C96*$C$85),1),IF(OR($C$84="Inductor (Series L)",$C$84="Inductor"),ROUND(2*PI()*C96*$C$85,1),"—"))) -> 712.5 | J96: =IF(AND(D96="YES",ISNUMBER(H96),ISNUMBER(I96)),ROUND(H96+I96,1),"—") -> 2100.5 | K96: =IF(AND(D96="YES",ISNUMBER(G96),ISNUMBER(H96)),(1+SQRT((G96/$C$86-$C$87)^2+(H96/$C$86)^2)/SQRT((G96/$C$86+$C$87)^2+(H96/$C$86)^2))/(1-SQRT((G96/$C$86-$C$87)^2+(H96/$C$86)^2)/SQRT((G96/$C$86+$C$87)^2+(H96/$C$86)^2)),"—") -> 15.076312 | L96: =IF(AND(D96="YES",ISNUMBER(G96),ISNUMBER(J96)),(1+SQRT((G96/$C$86-$C$87)^2+(J96/$C$86)^2)/SQRT((G96/$C$86+$C$87)^2+(J96/$C$86)^2))/(1-SQRT((G96/$C$86-$C$87)^2+(J96/$C$86)^2)/SQRT((G96/$C$86+$C$87)^2+(J96/$C$86)^2)),"—") -> 27.695613 | M96: =IF(AND(ISNUMBER(K96),ISNUMBER(L96)),ROUND(L96-K96,2),"—") -> 12.62 | N96: =IF(D96<>"YES","Inactive band",IF(NOT(ISNUMBER(K96)),"Wire too short for this band",IF(NOT(ISNUMBER(L96)),"Comp value error",IF(AND(L96<=1.5,K96>1.5),"✔✔ EXCELLENT — comp brings VSWR < 1.5",IF(AND(L96<=1.5,K96<=1.5),"✔ Already excellent — small further gain",IF(AND(L96<K96,L96<=3),"✔ IMPROVED — VSWR now tuner-friendly",IF(AND(L96<K96,L96<=6),"▲ Partial improvement — tuner still needed",IF(L96<K96,"▲ Small improvement — high VSWR remains",IF(M96<=0.1,"→ Negligible change (±0.1)","✗ DEGRADED — comp increases VSWR on this band"))))))))) -> ✗ DEGRADED — comp increases VSWR on this band
B97: =Calculator!A18 -> 17m | C97: =Calculator!D18 -> 18.118 | D97: =Calculator!E18 -> NO | E97: =Calculator!F18 -> 7.8651065 | F97: =IF(AND(D97="YES",$C$83>=Calculator!G18),MOD($C$83/E97,1),"—") -> — | G97: =IF(AND(D97="YES",$C$83>=Calculator!G18),ROUND(50*POWER(80,COS(PI()*MOD($C$83/E97,1))^2),0),"—") -> — | H97: =IF(AND(D97="YES",$C$83>=Calculator!G18),ROUND(1500*SIN(2*PI()*MOD($C$83/E97,1)),1),"—") -> — | I97: =IF(D97<>"YES","—",IF(OR($C$84="Capacitor (Series C)",$C$84="Capacitor"),ROUND(-159155/(C97*$C$85),1),IF(OR($C$84="Inductor (Series L)",$C$84="Inductor"),ROUND(2*PI()*C97*$C$85,1),"—"))) -> — | J97: =IF(AND(D97="YES",ISNUMBER(H97),ISNUMBER(I97)),ROUND(H97+I97,1),"—") -> — | K97: =IF(AND(D97="YES",ISNUMBER(G97),ISNUMBER(H97)),(1+SQRT((G97/$C$86-$C$87)^2+(H97/$C$86)^2)/SQRT((G97/$C$86+$C$87)^2+(H97/$C$86)^2))/(1-SQRT((G97/$C$86-$C$87)^2+(H97/$C$86)^2)/SQRT((G97/$C$86+$C$87)^2+(H97/$C$86)^2)),"—") -> — | L97: =IF(AND(D97="YES",ISNUMBER(G97),ISNUMBER(J97)),(1+SQRT((G97/$C$86-$C$87)^2+(J97/$C$86)^2)/SQRT((G97/$C$86+$C$87)^2+(J97/$C$86)^2))/(1-SQRT((G97/$C$86-$C$87)^2+(J97/$C$86)^2)/SQRT((G97/$C$86+$C$87)^2+(J97/$C$86)^2)),"—") -> — | M97: =IF(AND(ISNUMBER(K97),ISNUMBER(L97)),ROUND(L97-K97,2),"—") -> — | N97: =IF(D97<>"YES","Inactive band",IF(NOT(ISNUMBER(K97)),"Wire too short for this band",IF(NOT(ISNUMBER(L97)),"Comp value error",IF(AND(L97<=1.5,K97>1.5),"✔✔ EXCELLENT — comp brings VSWR < 1.5",IF(AND(L97<=1.5,K97<=1.5),"✔ Already excellent — small further gain",IF(AND(L97<K97,L97<=3),"✔ IMPROVED — VSWR now tuner-friendly",IF(AND(L97<K97,L97<=6),"▲ Partial improvement — tuner still needed",IF(L97<K97,"▲ Small improvement — high VSWR remains",IF(M97<=0.1,"→ Negligible change (±0.1)","✗ DEGRADED — comp increases VSWR on this band"))))))))) -> Inactive band
B98: =Calculator!A19 -> 15m | C98: =Calculator!D19 -> 21.225 | D98: =Calculator!E19 -> NO | E98: =Calculator!F19 -> 6.7137809 | F98: =IF(AND(D98="YES",$C$83>=Calculator!G19),MOD($C$83/E98,1),"—") -> — | G98: =IF(AND(D98="YES",$C$83>=Calculator!G19),ROUND(50*POWER(80,COS(PI()*MOD($C$83/E98,1))^2),0),"—") -> — | H98: =IF(AND(D98="YES",$C$83>=Calculator!G19),ROUND(1500*SIN(2*PI()*MOD($C$83/E98,1)),1),"—") -> — | I98: =IF(D98<>"YES","—",IF(OR($C$84="Capacitor (Series C)",$C$84="Capacitor"),ROUND(-159155/(C98*$C$85),1),IF(OR($C$84="Inductor (Series L)",$C$84="Inductor"),ROUND(2*PI()*C98*$C$85,1),"—"))) -> — | J98: =IF(AND(D98="YES",ISNUMBER(H98),ISNUMBER(I98)),ROUND(H98+I98,1),"—") -> — | K98: =IF(AND(D98="YES",ISNUMBER(G98),ISNUMBER(H98)),(1+SQRT((G98/$C$86-$C$87)^2+(H98/$C$86)^2)/SQRT((G98/$C$86+$C$87)^2+(H98/$C$86)^2))/(1-SQRT((G98/$C$86-$C$87)^2+(H98/$C$86)^2)/SQRT((G98/$C$86+$C$87)^2+(H98/$C$86)^2)),"—") -> — | L98: =IF(AND(D98="YES",ISNUMBER(G98),ISNUMBER(J98)),(1+SQRT((G98/$C$86-$C$87)^2+(J98/$C$86)^2)/SQRT((G98/$C$86+$C$87)^2+(J98/$C$86)^2))/(1-SQRT((G98/$C$86-$C$87)^2+(J98/$C$86)^2)/SQRT((G98/$C$86+$C$87)^2+(J98/$C$86)^2)),"—") -> — | M98: =IF(AND(ISNUMBER(K98),ISNUMBER(L98)),ROUND(L98-K98,2),"—") -> — | N98: =IF(D98<>"YES","Inactive band",IF(NOT(ISNUMBER(K98)),"Wire too short for this band",IF(NOT(ISNUMBER(L98)),"Comp value error",IF(AND(L98<=1.5,K98>1.5),"✔✔ EXCELLENT — comp brings VSWR < 1.5",IF(AND(L98<=1.5,K98<=1.5),"✔ Already excellent — small further gain",IF(AND(L98<K98,L98<=3),"✔ IMPROVED — VSWR now tuner-friendly",IF(AND(L98<K98,L98<=6),"▲ Partial improvement — tuner still needed",IF(L98<K98,"▲ Small improvement — high VSWR remains",IF(M98<=0.1,"→ Negligible change (±0.1)","✗ DEGRADED — comp increases VSWR on this band"))))))))) -> Inactive band
B99: =Calculator!A20 -> 12m | C99: =Calculator!D20 -> 24.94 | D99: =Calculator!E20 -> NO | E99: =Calculator!F20 -> 5.7137129 | F99: =IF(AND(D99="YES",$C$83>=Calculator!G20),MOD($C$83/E99,1),"—") -> — | G99: =IF(AND(D99="YES",$C$83>=Calculator!G20),ROUND(50*POWER(80,COS(PI()*MOD($C$83/E99,1))^2),0),"—") -> — | H99: =IF(AND(D99="YES",$C$83>=Calculator!G20),ROUND(1500*SIN(2*PI()*MOD($C$83/E99,1)),1),"—") -> — | I99: =IF(D99<>"YES","—",IF(OR($C$84="Capacitor (Series C)",$C$84="Capacitor"),ROUND(-159155/(C99*$C$85),1),IF(OR($C$84="Inductor (Series L)",$C$84="Inductor"),ROUND(2*PI()*C99*$C$85,1),"—"))) -> — | J99: =IF(AND(D99="YES",ISNUMBER(H99),ISNUMBER(I99)),ROUND(H99+I99,1),"—") -> — | K99: =IF(AND(D99="YES",ISNUMBER(G99),ISNUMBER(H99)),(1+SQRT((G99/$C$86-$C$87)^2+(H99/$C$86)^2)/SQRT((G99/$C$86+$C$87)^2+(H99/$C$86)^2))/(1-SQRT((G99/$C$86-$C$87)^2+(H99/$C$86)^2)/SQRT((G99/$C$86+$C$87)^2+(H99/$C$86)^2)),"—") -> — | L99: =IF(AND(D99="YES",ISNUMBER(G99),ISNUMBER(J99)),(1+SQRT((G99/$C$86-$C$87)^2+(J99/$C$86)^2)/SQRT((G99/$C$86+$C$87)^2+(J99/$C$86)^2))/(1-SQRT((G99/$C$86-$C$87)^2+(J99/$C$86)^2)/SQRT((G99/$C$86+$C$87)^2+(J99/$C$86)^2)),"—") -> — | M99: =IF(AND(ISNUMBER(K99),ISNUMBER(L99)),ROUND(L99-K99,2),"—") -> — | N99: =IF(D99<>"YES","Inactive band",IF(NOT(ISNUMBER(K99)),"Wire too short for this band",IF(NOT(ISNUMBER(L99)),"Comp value error",IF(AND(L99<=1.5,K99>1.5),"✔✔ EXCELLENT — comp brings VSWR < 1.5",IF(AND(L99<=1.5,K99<=1.5),"✔ Already excellent — small further gain",IF(AND(L99<K99,L99<=3),"✔ IMPROVED — VSWR now tuner-friendly",IF(AND(L99<K99,L99<=6),"▲ Partial improvement — tuner still needed",IF(L99<K99,"▲ Small improvement — high VSWR remains",IF(M99<=0.1,"→ Negligible change (±0.1)","✗ DEGRADED — comp increases VSWR on this band"))))))))) -> Inactive band
B100: =Calculator!A21 -> 10m | C100: =Calculator!D21 -> 28.85 | D100: =Calculator!E21 -> NO | E100: =Calculator!F21 -> 4.9393414 | F100: =IF(AND(D100="YES",$C$83>=Calculator!G21),MOD($C$83/E100,1),"—") -> — | G100: =IF(AND(D100="YES",$C$83>=Calculator!G21),ROUND(50*POWER(80,COS(PI()*MOD($C$83/E100,1))^2),0),"—") -> — | H100: =IF(AND(D100="YES",$C$83>=Calculator!G21),ROUND(1500*SIN(2*PI()*MOD($C$83/E100,1)),1),"—") -> — | I100: =IF(D100<>"YES","—",IF(OR($C$84="Capacitor (Series C)",$C$84="Capacitor"),ROUND(-159155/(C100*$C$85),1),IF(OR($C$84="Inductor (Series L)",$C$84="Inductor"),ROUND(2*PI()*C100*$C$85,1),"—"))) -> — | J100: =IF(AND(D100="YES",ISNUMBER(H100),ISNUMBER(I100)),ROUND(H100+I100,1),"—") -> — | K100: =IF(AND(D100="YES",ISNUMBER(G100),ISNUMBER(H100)),(1+SQRT((G100/$C$86-$C$87)^2+(H100/$C$86)^2)/SQRT((G100/$C$86+$C$87)^2+(H100/$C$86)^2))/(1-SQRT((G100/$C$86-$C$87)^2+(H100/$C$86)^2)/SQRT((G100/$C$86+$C$87)^2+(H100/$C$86)^2)),"—") -> — | L100: =IF(AND(D100="YES",ISNUMBER(G100),ISNUMBER(J100)),(1+SQRT((G100/$C$86-$C$87)^2+(J100/$C$86)^2)/SQRT((G100/$C$86+$C$87)^2+(J100/$C$86)^2))/(1-SQRT((G100/$C$86-$C$87)^2+(J100/$C$86)^2)/SQRT((G100/$C$86+$C$87)^2+(J100/$C$86)^2)),"—") -> — | M100: =IF(AND(ISNUMBER(K100),ISNUMBER(L100)),ROUND(L100-K100,2),"—") -> — | N100: =IF(D100<>"YES","Inactive band",IF(NOT(ISNUMBER(K100)),"Wire too short for this band",IF(NOT(ISNUMBER(L100)),"Comp value error",IF(AND(L100<=1.5,K100>1.5),"✔✔ EXCELLENT — comp brings VSWR < 1.5",IF(AND(L100<=1.5,K100<=1.5),"✔ Already excellent — small further gain",IF(AND(L100<K100,L100<=3),"✔ IMPROVED — VSWR now tuner-friendly",IF(AND(L100<K100,L100<=6),"▲ Partial improvement — tuner still needed",IF(L100<K100,"▲ Small improvement — high VSWR remains",IF(M100<=0.1,"→ Negligible change (±0.1)","✗ DEGRADED — comp increases VSWR on this band"))))))))) -> Inactive band
B101: =Calculator!A22 -> 6m | C101: =Calculator!D22 -> 52 | D101: =Calculator!E22 -> NO | E101: =Calculator!F22 -> 2.7403846 | F101: =IF(AND(D101="YES",$C$83>=Calculator!G22),MOD($C$83/E101,1),"—") -> — | G101: =IF(AND(D101="YES",$C$83>=Calculator!G22),ROUND(50*POWER(80,COS(PI()*MOD($C$83/E101,1))^2),0),"—") -> — | H101: =IF(AND(D101="YES",$C$83>=Calculator!G22),ROUND(1500*SIN(2*PI()*MOD($C$83/E101,1)),1),"—") -> — | I101: =IF(D101<>"YES","—",IF(OR($C$84="Capacitor (Series C)",$C$84="Capacitor"),ROUND(-159155/(C101*$C$85),1),IF(OR($C$84="Inductor (Series L)",$C$84="Inductor"),ROUND(2*PI()*C101*$C$85,1),"—"))) -> — | J101: =IF(AND(D101="YES",ISNUMBER(H101),ISNUMBER(I101)),ROUND(H101+I101,1),"—") -> — | K101: =IF(AND(D101="YES",ISNUMBER(G101),ISNUMBER(H101)),(1+SQRT((G101/$C$86-$C$87)^2+(H101/$C$86)^2)/SQRT((G101/$C$86+$C$87)^2+(H101/$C$86)^2))/(1-SQRT((G101/$C$86-$C$87)^2+(H101/$C$86)^2)/SQRT((G101/$C$86+$C$87)^2+(H101/$C$86)^2)),"—") -> — | L101: =IF(AND(D101="YES",ISNUMBER(G101),ISNUMBER(J101)),(1+SQRT((G101/$C$86-$C$87)^2+(J101/$C$86)^2)/SQRT((G101/$C$86+$C$87)^2+(J101/$C$86)^2))/(1-SQRT((G101/$C$86-$C$87)^2+(J101/$C$86)^2)/SQRT((G101/$C$86+$C$87)^2+(J101/$C$86)^2)),"—") -> — | M101: =IF(AND(ISNUMBER(K101),ISNUMBER(L101)),ROUND(L101-K101,2),"—") -> — | N101: =IF(D101<>"YES","Inactive band",IF(NOT(ISNUMBER(K101)),"Wire too short for this band",IF(NOT(ISNUMBER(L101)),"Comp value error",IF(AND(L101<=1.5,K101>1.5),"✔✔ EXCELLENT — comp brings VSWR < 1.5",IF(AND(L101<=1.5,K101<=1.5),"✔ Already excellent — small further gain",IF(AND(L101<K101,L101<=3),"✔ IMPROVED — VSWR now tuner-friendly",IF(AND(L101<K101,L101<=6),"▲ Partial improvement — tuner still needed",IF(L101<K101,"▲ Small improvement — high VSWR remains",IF(M101<=0.1,"→ Negligible change (±0.1)","✗ DEGRADED — comp increases VSWR on this band"))))))))) -> Inactive band
B103: ⚠ HOW COMPENSATION AFFECTS VSWR — KEY PHYSICS: • VSWR without compensation is high when antenna reactance X_wire ≠ 0 (antenna is not purely resistive). • A series capacitor (C) or inductor (L) at the load side adds an equal-but-opposite reactance at the DESIGN FREQUENCY only → VSWR improves there. • At other bands, the component value is FIXED but reactance scales with frequency: Xc = −159155/(f·C_pF) and XL = 6.283·f·L_µH. This means the compensation is usually too large or too small → residual reactance remains → VSWR may still improve (partial cancel) or even worsen (over-compensation reverses the sign of reactance). • Rule of thumb: the best single-component compensation targets the band with the HIGHEST reactance. For multi-band improvement, use a tuner (ATU) or an L-network after the UnUn. • The ΔVSWR column shows the net effect: negative = VSWR reduced (improvement); positive = VSWR increased (degraded); "—" = band inactive or wire too short.
B105: 📐 FORMULA REFERENCE: R_wire = 50 × 80^cos²(π·L/λ½) [Ω, empirical model] X_wire = 1500 × sin(2π·L/λ½) [Ω] Xcomp (Cap) = −159 155 / (f_MHz × C_pF) [Ω] Xcomp (Ind) = 2π × f_MHz × L_µH [Ω] VSWR = (1+|Γ|)/(1−|Γ|) where |Γ| = √[(Rin−Z₀)²+Xin²] / √[(Rin+Z₀)²+Xin²] Rin = R_wire / N², Xin = X_comp / N²

Sheet Transmatch Calculator
B2: AIR-CORE TRANSMATCH CALCULATOR
B3: By Emiliano Gonzalez LU3VEA – lu3vea@gmail.com – License: CC0 v1.0
B5: Antenna Length (m): | C5: 23.4 | D5: ← Choose Top-10 length
B7: GLOBAL SETTINGS
B8: Parameter | C8: Value | D8: Unit | E8: Notes
B9: Target Output Impedance (Ω) | C9: 50 | D9: Ω | E9: Fixed 50Ω output (e.g. coax / transmatch)
B10: Wire Diameter | C10: 1 | D10: mm | E10: Winding wire diameter incl. insulation
B11: Core Diameter | C11: 50 | D11: mm | E11: Outer diameter of winding form (coil former)
B12: Number of Active Taps | C12: =COUNTIF(Calculator!E12:E22,"YES") -> 2 | D12: # | E12: Active bands
B13: Turns at 50Ω tap | C13: 5 | D13: =IFERROR(MAX(CEILING(5/MIN(D61:D71),1),CEILING((5*C119*(C108/25.4)+SQRT(C119*(25*C119*(C108/25.4)^2+C115^2*(9*C115-10*(C108/25.4)+10*(C10/25.4)))))/(C115^2*MAX(D61:D71)),1)),5) -> 3 | E13: Min turns
B14: Space between coil turns | C14: 1
B16: TAP INPUT IMPEDANCES
B17: Tap # | C17: Frequency | D17: R (Ω) Resistance | E17: X (Ω) Reactance (+L / −C) | F17: Active
B18: 1 | C18: {=IFERROR(INDEX(Calculator!$D$12:$D$22,SMALL(IF(Calculator!$E$12:$E$22="YES",ROW(Calculator!$D$12:$D$22)-ROW(Calculator!$D$12)+1),1),1),"")} -> 7.15 | D18: =IF(C18="","",IFERROR(ROUND(50*POWER(80,COS(PI()*MOD($C$5/INDEX(Calculator!$F$12:$F$22,MATCH(C18,Calculator!$D$12:$D$22,0)),1))^2),0),"")) -> 1223 | E18: =IF(C18="","",IFERROR(ROUND(1500*SIN(2*PI()*MOD($C$5/INDEX(Calculator!$F$12:$F$22,MATCH(C18,Calculator!$D$12:$D$22,0)),1)),0),"")) -> 1333 | F18: =IF(ROW()-17<=$C$12,"YES","NO") -> YES
B19: 2 | C19: {=IFERROR(INDEX(Calculator!$D$12:$D$22,SMALL(IF(Calculator!$E$12:$E$22="YES",ROW(Calculator!$D$12:$D$22)-ROW(Calculator!$D$12)+1),2),1),"")} -> 14.175 | D19: =IF(C19="","",IFERROR(ROUND(50*POWER(80,COS(PI()*MOD($C$5/INDEX(Calculator!$F$12:$F$22,MATCH(C19,Calculator!$D$12:$D$22,0)),1))^2),0),"")) -> 160 | E19: =IF(C19="","",IFERROR(ROUND(1500*SIN(2*PI()*MOD($C$5/INDEX(Calculator!$F$12:$F$22,MATCH(C19,Calculator!$D$12:$D$22,0)),1)),0),"")) -> 1325 | F19: =IF(ROW()-17<=$C$12,"YES","NO") -> YES
B20: 3 | C20: {=IFERROR(INDEX(Calculator!$D$12:$D$22,SMALL(IF(Calculator!$E$12:$E$22="YES",ROW(Calculator!$D$12:$D$22)-ROW(Calculator!$D$12)+1),3),1),"")} | D20: =IF(C20="","",IFERROR(ROUND(50*POWER(80,COS(PI()*MOD($C$5/INDEX(Calculator!$F$12:$F$22,MATCH(C20,Calculator!$D$12:$D$22,0)),1))^2),0),"")) | E20: =IF(C20="","",IFERROR(ROUND(1500*SIN(2*PI()*MOD($C$5/INDEX(Calculator!$F$12:$F$22,MATCH(C20,Calculator!$D$12:$D$22,0)),1)),0),"")) | F20: =IF(ROW()-17<=$C$12,"YES","NO") -> NO
B21: 4 | C21: {=IFERROR(INDEX(Calculator!$D$12:$D$22,SMALL(IF(Calculator!$E$12:$E$22="YES",ROW(Calculator!$D$12:$D$22)-ROW(Calculator!$D$12)+1),4),1),"")} | D21: =IF(C21="","",IFERROR(ROUND(50*POWER(80,COS(PI()*MOD($C$5/INDEX(Calculator!$F$12:$F$22,MATCH(C21,Calculator!$D$12:$D$22,0)),1))^2),0),"")) | E21: =IF(C21="","",IFERROR(ROUND(1500*SIN(2*PI()*MOD($C$5/INDEX(Calculator!$F$12:$F$22,MATCH(C21,Calculator!$D$12:$D$22,0)),1)),0),"")) | F21: =IF(ROW()-17<=$C$12,"YES","NO") -> NO
B22: 5 | C22: {=IFERROR(INDEX(Calculator!$D$12:$D$22,SMALL(IF(Calculator!$E$12:$E$22="YES",ROW(Calculator!$D$12:$D$22)-ROW(Calculator!$D$12)+1),5),1),"")} | D22: =IF(C22="","",IFERROR(ROUND(50*POWER(80,COS(PI()*MOD($C$5/INDEX(Calculator!$F$12:$F$22,MATCH(C22,Calculator!$D$12:$D$22,0)),1))^2),0),"")) | E22: =IF(C22="","",IFERROR(ROUND(1500*SIN(2*PI()*MOD($C$5/INDEX(Calculator!$F$12:$F$22,MATCH(C22,Calculator!$D$12:$D$22,0)),1)),0),"")) | F22: =IF(ROW()-17<=$C$12,"YES","NO") -> NO
B23: 6 | C23: {=IFERROR(INDEX(Calculator!$D$12:$D$22,SMALL(IF(Calculator!$E$12:$E$22="YES",ROW(Calculator!$D$12:$D$22)-ROW(Calculator!$D$12)+1),6),1),"")} | D23: =IF(C23="","",IFERROR(ROUND(50*POWER(80,COS(PI()*MOD($C$5/INDEX(Calculator!$F$12:$F$22,MATCH(C23,Calculator!$D$12:$D$22,0)),1))^2),0),"")) | E23: =IF(C23="","",IFERROR(ROUND(1500*SIN(2*PI()*MOD($C$5/INDEX(Calculator!$F$12:$F$22,MATCH(C23,Calculator!$D$12:$D$22,0)),1)),0),"")) | F23: =IF(ROW()-17<=$C$12,"YES","NO") -> NO
B24: 7 | C24: {=IFERROR(INDEX(Calculator!$D$12:$D$22,SMALL(IF(Calculator!$E$12:$E$22="YES",ROW(Calculator!$D$12:$D$22)-ROW(Calculator!$D$12)+1),7),1),"")} | D24: =IF(C24="","",IFERROR(ROUND(50*POWER(80,COS(PI()*MOD($C$5/INDEX(Calculator!$F$12:$F$22,MATCH(C24,Calculator!$D$12:$D$22,0)),1))^2),0),"")) | E24: =IF(C24="","",IFERROR(ROUND(1500*SIN(2*PI()*MOD($C$5/INDEX(Calculator!$F$12:$F$22,MATCH(C24,Calculator!$D$12:$D$22,0)),1)),0),"")) | F24: =IF(ROW()-17<=$C$12,"YES","NO") -> NO
B25: 8 | C25: {=IFERROR(INDEX(Calculator!$D$12:$D$22,SMALL(IF(Calculator!$E$12:$E$22="YES",ROW(Calculator!$D$12:$D$22)-ROW(Calculator!$D$12)+1),8),1),"")} | D25: =IF(C25="","",IFERROR(ROUND(50*POWER(80,COS(PI()*MOD($C$5/INDEX(Calculator!$F$12:$F$22,MATCH(C25,Calculator!$D$12:$D$22,0)),1))^2),0),"")) | E25: =IF(C25="","",IFERROR(ROUND(1500*SIN(2*PI()*MOD($C$5/INDEX(Calculator!$F$12:$F$22,MATCH(C25,Calculator!$D$12:$D$22,0)),1)),0),"")) | F25: =IF(ROW()-17<=$C$12,"YES","NO") -> NO
B26: 9 | C26: {=IFERROR(INDEX(Calculator!$D$12:$D$22,SMALL(IF(Calculator!$E$12:$E$22="YES",ROW(Calculator!$D$12:$D$22)-ROW(Calculator!$D$12)+1),9),1),"")} | D26: =IF(C26="","",IFERROR(ROUND(50*POWER(80,COS(PI()*MOD($C$5/INDEX(Calculator!$F$12:$F$22,MATCH(C26,Calculator!$D$12:$D$22,0)),1))^2),0),"")) | E26: =IF(C26="","",IFERROR(ROUND(1500*SIN(2*PI()*MOD($C$5/INDEX(Calculator!$F$12:$F$22,MATCH(C26,Calculator!$D$12:$D$22,0)),1)),0),"")) | F26: =IF(ROW()-17<=$C$12,"YES","NO") -> NO
B27: 10 | C27: {=IFERROR(INDEX(Calculator!$D$12:$D$22,SMALL(IF(Calculator!$E$12:$E$22="YES",ROW(Calculator!$D$12:$D$22)-ROW(Calculator!$D$12)+1),10),1),"")} | D27: =IF(C27="","",IFERROR(ROUND(50*POWER(80,COS(PI()*MOD($C$5/INDEX(Calculator!$F$12:$F$22,MATCH(C27,Calculator!$D$12:$D$22,0)),1))^2),0),"")) | E27: =IF(C27="","",IFERROR(ROUND(1500*SIN(2*PI()*MOD($C$5/INDEX(Calculator!$F$12:$F$22,MATCH(C27,Calculator!$D$12:$D$22,0)),1)),0),"")) | F27: =IF(ROW()-17<=$C$12,"YES","NO") -> NO
B28: 11 | C28: {=IFERROR(INDEX(Calculator!$D$12:$D$22,SMALL(IF(Calculator!$E$12:$E$22="YES",ROW(Calculator!$D$12:$D$22)-ROW(Calculator!$D$12)+1),11),1),"")} | D28: =IF(C28="","",IFERROR(ROUND(50*POWER(80,COS(PI()*MOD($C$5/INDEX(Calculator!$F$12:$F$22,MATCH(C28,Calculator!$D$12:$D$22,0)),1))^2),0),"")) | E28: =IF(C28="","",IFERROR(ROUND(1500*SIN(2*PI()*MOD($C$5/INDEX(Calculator!$F$12:$F$22,MATCH(C28,Calculator!$D$12:$D$22,0)),1)),0),"")) | F28: =IF(ROW()-17<=$C$12,"YES","NO") -> NO
B30: SUMMARY DASHBOARD
B31: All key results in one place. Go to individual sheets to adjust inputs.
B33: KEY PARAMETERS
B34: Target Z_out | C34: =C9 -> 50 | D34: Ω
B35: Wire Dia. | C35: =C10 -> 1 | D35: mm
B36: T_ref turns | C36: =C13 -> 5 | D36: turns
B37: Active taps | C37: =C12 -> 2 | D37: #
B38: Total wire | C38: =I73 -> 6569.0702 | D38: mm
B39: Inductance L | C39: =IFERROR(C117,"—") -> 22.238007 | D39: µH
B40: L sufficient? | C40: =IFERROR(C120,"—") -> ✔ YES
B42: TAP SUMMARY — ALL ACTIVE TAPS
B43: Tap # | C43: Frequency (MHz) | D43: Z_in (Ω) | E43: Phase (°) | F43: Turns Ratio | G43: Cum. Turns | H43: SWR | I43: Return Loss (dB) | J43: Refl. Power (%) | K43: Series L (µH) | L43: Series C (pF) | M43: Shunt L (µH) | N43: Shunt C (pF) | O43: Series L (nH) | P43: Series C E24 (pF) | Q43: Shunt L (nH) | R43: Shunt C E24 (pF) | S43: SWR with 5% comp Serial | AA43: E24 Table (pF helper)
B44: 1 | C44: =C18 -> 7.15 | D44: =D80 -> 1809.0379 | E44: =E80 -> 47.46426 | F44: =D61 -> 4.9457052 | G44: =E61 -> 25 | H44: =F80 -> 2.8352759 | I44: =G80 -> 6.4019051 | J44: =I80 -> 22.89863 | K44: =IF(D44<>"",G134,"—") -> — | L44: =IF(D44<>"",H134,"—") -> 408.4514 | M44: =IF(D44<>"",I134,"—") -> — | N44: =IF(D44<>"",J134,"—") -> 221.77132 | O44: =IF(ISNUMBER(K44),ROUND(K44*1000,0),"—") -> — | P44: =IF(ISNUMBER(L44),LOOKUP(2,1/(ABS($AA$44:$AA$164-L44)=MIN(ABS($AA$44:$AA$164-L44))),$AA$44:$AA$164),"—") -> 390 | Q44: =IF(ISNUMBER(M44),ROUND(M44*1000,0),"—") -> — | R44: =IF(ISNUMBER(N44),LOOKUP(2,1/(ABS($AA$44:$AA$164-N44)=MIN(ABS($AA$44:$AA$164-N44))),$AA$44:$AA$164),"—") -> 220 | S44: =IF(D44="","—",IFERROR((1+ABS(0.05*E18*$C$9/D18)/SQRT(4*$C$9^2+(0.05*E18*$C$9/D18)^2))/(1-ABS(0.05*E18*$C$9/D18)/SQRT(4*$C$9^2+(0.05*E18*$C$9/D18)^2)),"—")) -> 1.0560023 | AA44: 1
B45: 2 | C45: =C19 -> 14.175 | D45: =D81 -> 1334.6254 | E45: =E81 -> 83.114602 | F45: =D62 -> 1.7888544 | G45: =E62 -> 9 | H45: =F81 -> 70.56493 | I45: =G81 -> 0.24619797 | J45: =I81 -> 94.488772 | K45: =IF(D45<>"",G135,"—") -> — | L45: =IF(D45<>"",H135,"—") -> 27.116346 | M45: =IF(D45<>"",I135,"—") -> — | N45: =IF(D45<>"",J135,"—") -> 26.726626 | O45: =IF(ISNUMBER(K45),ROUND(K45*1000,0),"—") -> — | P45: =IF(ISNUMBER(L45),LOOKUP(2,1/(ABS($AA$44:$AA$164-L45)=MIN(ABS($AA$44:$AA$164-L45))),$AA$44:$AA$164),"—") -> 27 | Q45: =IF(ISNUMBER(M45),ROUND(M45*1000,0),"—") -> — | R45: =IF(ISNUMBER(N45),LOOKUP(2,1/(ABS($AA$44:$AA$164-N45)=MIN(ABS($AA$44:$AA$164-N45))),$AA$44:$AA$164),"—") -> 27 | S45: =IF(D45="","—",IFERROR((1+ABS(0.05*E19*$C$9/D19)/SQRT(4*$C$9^2+(0.05*E19*$C$9/D19)^2))/(1-ABS(0.05*E19*$C$9/D19)/SQRT(4*$C$9^2+(0.05*E19*$C$9/D19)^2)),"—")) -> 1.508567 | AA45: 1.1
B46: 3 | C46: =C20 | D46: =D82 | E46: =E82 | F46: =D63 | G46: =E63 | H46: =F82 | I46: =G82 | J46: =I82 | K46: =IF(D46<>"",G136,"—") -> — | L46: =IF(D46<>"",H136,"—") -> — | M46: =IF(D46<>"",I136,"—") -> — | N46: =IF(D46<>"",J136,"—") -> — | O46: =IF(ISNUMBER(K46),ROUND(K46*1000,0),"—") -> — | P46: =IF(ISNUMBER(L46),LOOKUP(2,1/(ABS($AA$44:$AA$164-L46)=MIN(ABS($AA$44:$AA$164-L46))),$AA$44:$AA$164),"—") -> — | Q46: =IF(ISNUMBER(M46),ROUND(M46*1000,0),"—") -> — | R46: =IF(ISNUMBER(N46),LOOKUP(2,1/(ABS($AA$44:$AA$164-N46)=MIN(ABS($AA$44:$AA$164-N46))),$AA$44:$AA$164),"—") -> — | S46: =IF(D46="","—",IFERROR((1+ABS(0.05*E20*$C$9/D20)/SQRT(4*$C$9^2+(0.05*E20*$C$9/D20)^2))/(1-ABS(0.05*E20*$C$9/D20)/SQRT(4*$C$9^2+(0.05*E20*$C$9/D20)^2)),"—")) -> — | AA46: 1.2
B47: 4 | C47: =C21 | D47: =D83 | E47: =E83 | F47: =D64 | G47: =E64 | H47: =F83 | I47: =G83 | J47: =I83 | K47: =IF(D47<>"",G137,"—") -> — | L47: =IF(D47<>"",H137,"—") -> — | M47: =IF(D47<>"",I137,"—") -> — | N47: =IF(D47<>"",J137,"—") -> — | O47: =IF(ISNUMBER(K47),ROUND(K47*1000,0),"—") -> — | P47: =IF(ISNUMBER(L47),LOOKUP(2,1/(ABS($AA$44:$AA$164-L47)=MIN(ABS($AA$44:$AA$164-L47))),$AA$44:$AA$164),"—") -> — | Q47: =IF(ISNUMBER(M47),ROUND(M47*1000,0),"—") -> — | R47: =IF(ISNUMBER(N47),LOOKUP(2,1/(ABS($AA$44:$AA$164-N47)=MIN(ABS($AA$44:$AA$164-N47))),$AA$44:$AA$164),"—") -> — | S47: =IF(D47="","—",IFERROR((1+ABS(0.05*E21*$C$9/D21)/SQRT(4*$C$9^2+(0.05*E21*$C$9/D21)^2))/(1-ABS(0.05*E21*$C$9/D21)/SQRT(4*$C$9^2+(0.05*E21*$C$9/D21)^2)),"—")) -> — | AA47: 1.3
B48: 5 | C48: =C22 | D48: =D84 | E48: =E84 | F48: =D65 | G48: =E65 | H48: =F84 | I48: =G84 | J48: =I84 | K48: =IF(D48<>"",G138,"—") -> — | L48: =IF(D48<>"",H138,"—") -> — | M48: =IF(D48<>"",I138,"—") -> — | N48: =IF(D48<>"",J138,"—") -> — | O48: =IF(ISNUMBER(K48),ROUND(K48*1000,0),"—") -> — | P48: =IF(ISNUMBER(L48),LOOKUP(2,1/(ABS($AA$44:$AA$164-L48)=MIN(ABS($AA$44:$AA$164-L48))),$AA$44:$AA$164),"—") -> — | Q48: =IF(ISNUMBER(M48),ROUND(M48*1000,0),"—") -> — | R48: =IF(ISNUMBER(N48),LOOKUP(2,1/(ABS($AA$44:$AA$164-N48)=MIN(ABS($AA$44:$AA$164-N48))),$AA$44:$AA$164),"—") -> — | S48: =IF(D48="","—",IFERROR((1+ABS(0.05*E22*$C$9/D22)/SQRT(4*$C$9^2+(0.05*E22*$C$9/D22)^2))/(1-ABS(0.05*E22*$C$9/D22)/SQRT(4*$C$9^2+(0.05*E22*$C$9/D22)^2)),"—")) -> — | AA48: 1.5
B49: 6 | C49: =C23 | D49: =D85 | E49: =E85 | F49: =D66 | G49: =E66 | H49: =F85 | I49: =G85 | J49: =I85 | K49: =IF(D49<>"",G139,"—") -> — | L49: =IF(D49<>"",H139,"—") -> — | M49: =IF(D49<>"",I139,"—") -> — | N49: =IF(D49<>"",J139,"—") -> — | O49: =IF(ISNUMBER(K49),ROUND(K49*1000,0),"—") -> — | P49: =IF(ISNUMBER(L49),LOOKUP(2,1/(ABS($AA$44:$AA$164-L49)=MIN(ABS($AA$44:$AA$164-L49))),$AA$44:$AA$164),"—") -> — | Q49: =IF(ISNUMBER(M49),ROUND(M49*1000,0),"—") -> — | R49: =IF(ISNUMBER(N49),LOOKUP(2,1/(ABS($AA$44:$AA$164-N49)=MIN(ABS($AA$44:$AA$164-N49))),$AA$44:$AA$164),"—") -> — | S49: =IF(D49="","—",IFERROR((1+ABS(0.05*E23*$C$9/D23)/SQRT(4*$C$9^2+(0.05*E23*$C$9/D23)^2))/(1-ABS(0.05*E23*$C$9/D23)/SQRT(4*$C$9^2+(0.05*E23*$C$9/D23)^2)),"—")) -> — | AA49: 1.6
B50: 7 | C50: =C24 | D50: =D86 | E50: =E86 | F50: =D67 | G50: =E67 | H50: =F86 | I50: =G86 | J50: =I86 | K50: =IF(D50<>"",G140,"—") -> — | L50: =IF(D50<>"",H140,"—") -> — | M50: =IF(D50<>"",I140,"—") -> — | N50: =IF(D50<>"",J140,"—") -> — | O50: =IF(ISNUMBER(K50),ROUND(K50*1000,0),"—") -> — | P50: =IF(ISNUMBER(L50),LOOKUP(2,1/(ABS($AA$44:$AA$164-L50)=MIN(ABS($AA$44:$AA$164-L50))),$AA$44:$AA$164),"—") -> — | Q50: =IF(ISNUMBER(M50),ROUND(M50*1000,0),"—") -> — | R50: =IF(ISNUMBER(N50),LOOKUP(2,1/(ABS($AA$44:$AA$164-N50)=MIN(ABS($AA$44:$AA$164-N50))),$AA$44:$AA$164),"—") -> — | S50: =IF(D50="","—",IFERROR((1+ABS(0.05*E24*$C$9/D24)/SQRT(4*$C$9^2+(0.05*E24*$C$9/D24)^2))/(1-ABS(0.05*E24*$C$9/D24)/SQRT(4*$C$9^2+(0.05*E24*$C$9/D24)^2)),"—")) -> — | AA50: 1.8
B51: 8 | C51: =C25 | D51: =D87 | E51: =E87 | F51: =D68 | G51: =E68 | H51: =F87 | I51: =G87 | J51: =I87 | K51: =IF(D51<>"",G141,"—") -> — | L51: =IF(D51<>"",H141,"—") -> — | M51: =IF(D51<>"",I141,"—") -> — | N51: =IF(D51<>"",J141,"—") -> — | O51: =IF(ISNUMBER(K51),ROUND(K51*1000,0),"—") -> — | P51: =IF(ISNUMBER(L51),LOOKUP(2,1/(ABS($AA$44:$AA$164-L51)=MIN(ABS($AA$44:$AA$164-L51))),$AA$44:$AA$164),"—") -> — | Q51: =IF(ISNUMBER(M51),ROUND(M51*1000,0),"—") -> — | R51: =IF(ISNUMBER(N51),LOOKUP(2,1/(ABS($AA$44:$AA$164-N51)=MIN(ABS($AA$44:$AA$164-N51))),$AA$44:$AA$164),"—") -> — | S51: =IF(D51="","—",IFERROR((1+ABS(0.05*E25*$C$9/D25)/SQRT(4*$C$9^2+(0.05*E25*$C$9/D25)^2))/(1-ABS(0.05*E25*$C$9/D25)/SQRT(4*$C$9^2+(0.05*E25*$C$9/D25)^2)),"—")) -> — | AA51: 2
B52: 9 | C52: =C26 | D52: =D88 | E52: =E88 | F52: =D69 | G52: =E69 | H52: =F88 | I52: =G88 | J52: =I88 | K52: =IF(D52<>"",G142,"—") -> — | L52: =IF(D52<>"",H142,"—") -> — | M52: =IF(D52<>"",I142,"—") -> — | N52: =IF(D52<>"",J142,"—") -> — | O52: =IF(ISNUMBER(K52),ROUND(K52*1000,0),"—") -> — | P52: =IF(ISNUMBER(L52),LOOKUP(2,1/(ABS($AA$44:$AA$164-L52)=MIN(ABS($AA$44:$AA$164-L52))),$AA$44:$AA$164),"—") -> — | Q52: =IF(ISNUMBER(M52),ROUND(M52*1000,0),"—") -> — | R52: =IF(ISNUMBER(N52),LOOKUP(2,1/(ABS($AA$44:$AA$164-N52)=MIN(ABS($AA$44:$AA$164-N52))),$AA$44:$AA$164),"—") -> — | S52: =IF(D52="","—",IFERROR((1+ABS(0.05*E26*$C$9/D26)/SQRT(4*$C$9^2+(0.05*E26*$C$9/D26)^2))/(1-ABS(0.05*E26*$C$9/D26)/SQRT(4*$C$9^2+(0.05*E26*$C$9/D26)^2)),"—")) -> — | AA52: 2.2
B53: 10 | C53: =C27 | D53: =D89 | E53: =E89 | F53: =D70 | G53: =E70 | H53: =F89 | I53: =G89 | J53: =I89 | K53: =IF(D53<>"",G143,"—") -> — | L53: =IF(D53<>"",H143,"—") -> — | M53: =IF(D53<>"",I143,"—") -> — | N53: =IF(D53<>"",J143,"—") -> — | O53: =IF(ISNUMBER(K53),ROUND(K53*1000,0),"—") -> — | P53: =IF(ISNUMBER(L53),LOOKUP(2,1/(ABS($AA$44:$AA$164-L53)=MIN(ABS($AA$44:$AA$164-L53))),$AA$44:$AA$164),"—") -> — | Q53: =IF(ISNUMBER(M53),ROUND(M53*1000,0),"—") -> — | R53: =IF(ISNUMBER(N53),LOOKUP(2,1/(ABS($AA$44:$AA$164-N53)=MIN(ABS($AA$44:$AA$164-N53))),$AA$44:$AA$164),"—") -> — | S53: =IF(D53="","—",IFERROR((1+ABS(0.05*E27*$C$9/D27)/SQRT(4*$C$9^2+(0.05*E27*$C$9/D27)^2))/(1-ABS(0.05*E27*$C$9/D27)/SQRT(4*$C$9^2+(0.05*E27*$C$9/D27)^2)),"—")) -> — | AA53: 2.4
B54: 11 | C54: =C28 | D54: =D90 | E54: =E90 | F54: =D71 | G54: =E71 | H54: =F90 | I54: =G90 | J54: =I90 | K54: =IF(D54<>"",G144,"—") -> — | L54: =IF(D54<>"",H144,"—") -> — | M54: =IF(D54<>"",I144,"—") -> — | N54: =IF(D54<>"",J144,"—") -> — | O54: =IF(ISNUMBER(K54),ROUND(K54*1000,0),"—") -> — | P54: =IF(ISNUMBER(L54),LOOKUP(2,1/(ABS($AA$44:$AA$164-L54)=MIN(ABS($AA$44:$AA$164-L54))),$AA$44:$AA$164),"—") -> — | Q54: =IF(ISNUMBER(M54),ROUND(M54*1000,0),"—") -> — | R54: =IF(ISNUMBER(N54),LOOKUP(2,1/(ABS($AA$44:$AA$164-N54)=MIN(ABS($AA$44:$AA$164-N54))),$AA$44:$AA$164),"—") -> — | S54: =IF(D54="","—",IFERROR((1+ABS(0.05*E28*$C$9/D28)/SQRT(4*$C$9^2+(0.05*E28*$C$9/D28)^2))/(1-ABS(0.05*E28*$C$9/D28)/SQRT(4*$C$9^2+(0.05*E28*$C$9/D28)^2)),"—")) -> — | AA54: 2.7
AA55: 3
B56: WINDING DESIGN | AA56: 3.3
B57: Tap turn counts, cumulative turns, wire lengths, and DC resistance per section | AA57: 3.6
AA58: 3.9
B59: PER-TAP WINDING CALCULATIONS | AA59: 4.3
B60: Tap # | C60: Frequency (MHz) | D60: Turns Ratio n = √(R/Z₀) | E60: Turns at Tap (cumulative from low-Z end) | F60: Δ Turns (this section) | G60: Section Wire Length (mm) | H60: Section DC Resistance (mΩ) | I60: Cumulative Wire (mm) | AA60: 4.7
B61: 1 | C61: =C18 -> 7.15 | D61: =IF(D18<>"",SQRT(D18/MAX($C$9,0.000000001)),"") -> 4.9457052 | E61: =IF(D61<>"",MAX(1,ROUND(C13*D61,0)),"") -> 25 | F61: =IF(E61<>"",E61,"") -> 25 | G61: =IF(F61<>"",F61*PI()*($C$11+$C$10),"") -> 4005.5306 | H61: =IF(G61<>"",G61*4*0.00000001724*1000000/(PI()*$C$10^2),"") -> 87.924 | I61: =IF(G61<>"",G61,"") -> 4005.5306 | AA61: 5.1
B62: 2 | C62: =C19 -> 14.175 | D62: =IF(D19<>"",SQRT(D19/MAX($C$9,0.000000001)),"") -> 1.7888544 | E62: =IF(D62<>"",MAX(1,ROUND(C13*D62,0)),"") -> 9 | F62: =IF(AND(E62<>"",E61<>""),ABS(E62-E61),IF(E62<>"",E62,"")) -> 16 | G62: =IF(F62<>"",F62*PI()*($C$11+$C$10),"") -> 2563.5396 | H62: =IF(G62<>"",G62*4*0.00000001724*1000000/(PI()*$C$10^2),"") -> 56.27136 | I62: =IF(G62<>"",SUM(G61:G62),"") -> 6569.0702 | AA62: 5.6
B63: 3 | C63: =C20 | D63: =IF(D20<>"",SQRT(D20/MAX($C$9,0.000000001)),"") | E63: =IF(D63<>"",MAX(1,ROUND(C13*D63,0)),"") | F63: =IF(AND(E63<>"",E62<>""),ABS(E63-E62),IF(E63<>"",E63,"")) | G63: =IF(F63<>"",F63*PI()*($C$11+$C$10),"") | H63: =IF(G63<>"",G63*4*0.00000001724*1000000/(PI()*$C$10^2),"") | I63: =IF(G63<>"",SUM(G61:G63),"") | AA63: 6.2
B64: 4 | C64: =C21 | D64: =IF(D21<>"",SQRT(D21/MAX($C$9,0.000000001)),"") | E64: =IF(D64<>"",MAX(1,ROUND(C13*D64,0)),"") | F64: =IF(AND(E64<>"",E63<>""),ABS(E64-E63),IF(E64<>"",E64,"")) | G64: =IF(F64<>"",F64*PI()*($C$11+$C$10),"") | H64: =IF(G64<>"",G64*4*0.00000001724*1000000/(PI()*$C$10^2),"") | I64: =IF(G64<>"",SUM(G61:G64),"") | AA64: 6.8
B65: 5 | C65: =C22 | D65: =IF(D22<>"",SQRT(D22/MAX($C$9,0.000000001)),"") | E65: =IF(D65<>"",MAX(1,ROUND(C13*D65,0)),"") | F65: =IF(AND(E65<>"",E64<>""),ABS(E65-E64),IF(E65<>"",E65,"")) | G65: =IF(F65<>"",F65*PI()*($C$11+$C$10),"") | H65: =IF(G65<>"",G65*4*0.00000001724*1000000/(PI()*$C$10^2),"") | I65: =IF(G65<>"",SUM(G61:G65),"") | AA65: 7.5
B66: 6 | C66: =C23 | D66: =IF(D23<>"",SQRT(D23/MAX($C$9,0.000000001)),"") | E66: =IF(D66<>"",MAX(1,ROUND(C13*D66,0)),"") | F66: =IF(AND(E66<>"",E65<>""),ABS(E66-E65),IF(E66<>"",E66,"")) | G66: =IF(F66<>"",F66*PI()*($C$11+$C$10),"") | H66: =IF(G66<>"",G66*4*0.00000001724*1000000/(PI()*$C$10^2),"") | I66: =IF(G66<>"",SUM(G61:G66),"") | AA66: 8.2
B67: 7 | C67: =C24 | D67: =IF(D24<>"",SQRT(D24/MAX($C$9,0.000000001)),"") | E67: =IF(D67<>"",MAX(1,ROUND(C13*D67,0)),"") | F67: =IF(AND(E67<>"",E66<>""),ABS(E67-E66),IF(E67<>"",E67,"")) | G67: =IF(F67<>"",F67*PI()*($C$11+$C$10),"") | H67: =IF(G67<>"",G67*4*0.00000001724*1000000/(PI()*$C$10^2),"") | I67: =IF(G67<>"",SUM(G61:G67),"") | AA67: 9.1
B68: 8 | C68: =C25 | D68: =IF(D25<>"",SQRT(D25/MAX($C$9,0.000000001)),"") | E68: =IF(D68<>"",MAX(1,ROUND(C13*D68,0)),"") | F68: =IF(AND(E68<>"",E67<>""),ABS(E68-E67),IF(E68<>"",E68,"")) | G68: =IF(F68<>"",F68*PI()*($C$11+$C$10),"") | H68: =IF(G68<>"",G68*4*0.00000001724*1000000/(PI()*$C$10^2),"") | I68: =IF(G68<>"",SUM(G61:G68),"") | AA68: 10
B69: 9 | C69: =C26 | D69: =IF(D26<>"",SQRT(D26/MAX($C$9,0.000000001)),"") | E69: =IF(D69<>"",MAX(1,ROUND(C13*D69,0)),"") | F69: =IF(AND(E69<>"",E68<>""),ABS(E69-E68),IF(E69<>"",E69,"")) | G69: =IF(F69<>"",F69*PI()*($C$11+$C$10),"") | H69: =IF(G69<>"",G69*4*0.00000001724*1000000/(PI()*$C$10^2),"") | I69: =IF(G69<>"",SUM(G61:G69),"") | AA69: 11
B70: 10 | C70: =C27 | D70: =IF(D27<>"",SQRT(D27/MAX($C$9,0.000000001)),"") | E70: =IF(D70<>"",MAX(1,ROUND(C13*D70,0)),"") | F70: =IF(AND(E70<>"",E69<>""),ABS(E70-E69),IF(E70<>"",E70,"")) | G70: =IF(F70<>"",F70*PI()*($C$11+$C$10),"") | H70: =IF(G70<>"",G70*4*0.00000001724*1000000/(PI()*$C$10^2),"") | I70: =IF(G70<>"",SUM(G61:G70),"") | AA70: 12
B71: 11 | C71: =C28 | D71: =IF(D28<>"",SQRT(D28/MAX($C$9,0.000000001)),"") | E71: =IF(D71<>"",MAX(1,ROUND(C13*D71,0)),"") | F71: =IF(AND(E71<>"",E70<>""),ABS(E71-E70),IF(E71<>"",E71,"")) | G71: =IF(F71<>"",F71*PI()*($C$11+$C$10),"") | H71: =IF(G71<>"",G71*4*0.00000001724*1000000/(PI()*$C$10^2),"") | I71: =IF(G71<>"",SUM(G61:G71),"") | AA71: 13
AA72: 15
B73: TOTALS (active taps only) | E73: =IFERROR(MAX(E61:E71),"") -> 25 | H73: =IFERROR(SUM(H61:H71),"") -> 144.19536 | I73: =IFERROR(MAX(I61:I71),"") -> 6569.0702 | AA73: 16
AA74: 18
B75: RF PERFORMANCE | AA75: 20
B76: SWR, Return Loss, Mismatch Loss, and Reflected Power per tap | AA76: 22
AA77: 24
B78: PER-TAP RF PERFORMANCE (referenced to 50Ω system) | AA78: 27
B79: Tap # | C79: Frequency (MHz) | D79: |Z| (Ω) Magnitude | E79: Phase (°) | F79: SWR (real Z approx) | G79: Return Loss (dB) | H79: Mismatch Loss (dB) | I79: Reflected Power (%) | AA79: 30
B80: 1 | C80: =C18 -> 7.15 | D80: =IF(AND(ISNUMBER(D18),D18>0),SQRT(D18^2+IF(ISNUMBER(E18),E18,0)^2),"") -> 1809.0379 | E80: =IF(AND(ISNUMBER(D18),D18>0),IFERROR(DEGREES(ATAN2(D18,IF(ISNUMBER(E18),E18,0))),""),"") -> 47.46426 | F80: =IF(D80<>"",IFERROR((1+SQRT(((IF(ISNUMBER(D18),D18/MAX((D18/$C$9),0.000000001),C9)-C9)^2+(IF(ISNUMBER(E18),E18/MAX((D18/$C$9),0.000000001),0))^2)/((IF(ISNUMBER(D18),D18/MAX((D18/$C$9),0.000000001),C9)+C9)^2+(IF(ISNUMBER(E18),E18/MAX((D18/$C$9),0.000000001),0))^2)))/(1-SQRT(((IF(ISNUMBER(D18),D18/MAX((D18/$C$9),0.000000001),C9)-C9)^2+(IF(ISNUMBER(E18),E18/MAX((D18/$C$9),0.000000001),0))^2)/((IF(ISNUMBER(D18),D18/MAX((D18/$C$9),0.000000001),C9)+C9)^2+(IF(ISNUMBER(E18),E18/MAX((D18/$C$9),0.000000001),0))^2))),999),"") -> 2.8352759 | G80: =IF(D80<>"",IFERROR(-20*LOG10(MAX(SQRT(((IF(ISNUMBER(D18),D18/MAX((D18/$C$9),0.000000001),C9)-C9)^2+(IF(ISNUMBER(E18),E18/MAX((D18/$C$9),0.000000001),0))^2)/((IF(ISNUMBER(D18),D18/MAX((D18/$C$9),0.000000001),C9)+C9)^2+(IF(ISNUMBER(E18),E18/MAX((D18/$C$9),0.000000001),0))^2)),0.000000001)),0),"") -> 6.4019051 | H80: =IF(D80<>"",IFERROR(MAX(0,-10*LOG10(1-((IF(ISNUMBER(D18),D18/MAX((D18/$C$9),0.000000001),C9)-C9)^2+(IF(ISNUMBER(E18),E18/MAX((D18/$C$9),0.000000001),0))^2)/((IF(ISNUMBER(D18),D18/MAX((D18/$C$9),0.000000001),C9)+C9)^2+(IF(ISNUMBER(E18),E18/MAX((D18/$C$9),0.000000001),0))^2))),0),"") -> 1.129379 | I80: =IF(D80<>"",IFERROR(((IF(ISNUMBER(D18),D18/MAX((D18/$C$9),0.000000001),C9)-C9)^2+(IF(ISNUMBER(E18),E18/MAX((D18/$C$9),0.000000001),0))^2)/((IF(ISNUMBER(D18),D18/MAX((D18/$C$9),0.000000001),C9)+C9)^2+(IF(ISNUMBER(E18),E18/MAX((D18/$C$9),0.000000001),0))^2)*100,0),"") -> 22.89863 | AA80: 33
B81: 2 | C81: =C19 -> 14.175 | D81: =IF(AND(ISNUMBER(D19),D19>0),SQRT(D19^2+IF(ISNUMBER(E19),E19,0)^2),"") -> 1334.6254 | E81: =IF(AND(ISNUMBER(D19),D19>0),IFERROR(DEGREES(ATAN2(D19,IF(ISNUMBER(E19),E19,0))),""),"") -> 83.114602 | F81: =IF(D81<>"",IFERROR((1+SQRT(((IF(ISNUMBER(D19),D19/MAX((D19/$C$9),0.000000001),C9)-C9)^2+(IF(ISNUMBER(E19),E19/MAX((D19/$C$9),0.000000001),0))^2)/((IF(ISNUMBER(D19),D19/MAX((D19/$C$9),0.000000001),C9)+C9)^2+(IF(ISNUMBER(E19),E19/MAX((D19/$C$9),0.000000001),0))^2)))/(1-SQRT(((IF(ISNUMBER(D19),D19/MAX((D19/$C$9),0.000000001),C9)-C9)^2+(IF(ISNUMBER(E19),E19/MAX((D19/$C$9),0.000000001),0))^2)/((IF(ISNUMBER(D19),D19/MAX((D19/$C$9),0.000000001),C9)+C9)^2+(IF(ISNUMBER(E19),E19/MAX((D19/$C$9),0.000000001),0))^2))),999),"") -> 70.56493 | G81: =IF(D81<>"",IFERROR(-20*LOG10(MAX(SQRT(((IF(ISNUMBER(D19),D19/MAX((D19/$C$9),0.000000001),C9)-C9)^2+(IF(ISNUMBER(E19),E19/MAX((D19/$C$9),0.000000001),0))^2)/((IF(ISNUMBER(D19),D19/MAX((D19/$C$9),0.000000001),C9)+C9)^2+(IF(ISNUMBER(E19),E19/MAX((D19/$C$9),0.000000001),0))^2)),0.000000001)),0),"") -> 0.24619797 | H81: =IF(D81<>"",IFERROR(MAX(0,-10*LOG10(1-((IF(ISNUMBER(D19),D19/MAX((D19/$C$9),0.000000001),C9)-C9)^2+(IF(ISNUMBER(E19),E19/MAX((D19/$C$9),0.000000001),0))^2)/((IF(ISNUMBER(D19),D19/MAX((D19/$C$9),0.000000001),C9)+C9)^2+(IF(ISNUMBER(E19),E19/MAX((D19/$C$9),0.000000001),0))^2))),0),"") -> 12.587516 | I81: =IF(D81<>"",IFERROR(((IF(ISNUMBER(D19),D19/MAX((D19/$C$9),0.000000001),C9)-C9)^2+(IF(ISNUMBER(E19),E19/MAX((D19/$C$9),0.000000001),0))^2)/((IF(ISNUMBER(D19),D19/MAX((D19/$C$9),0.000000001),C9)+C9)^2+(IF(ISNUMBER(E19),E19/MAX((D19/$C$9),0.000000001),0))^2)*100,0),"") -> 94.488772 | AA81: 36
B82: 3 | C82: =C20 | D82: =IF(AND(ISNUMBER(D20),D20>0),SQRT(D20^2+IF(ISNUMBER(E20),E20,0)^2),"") | E82: =IF(AND(ISNUMBER(D20),D20>0),IFERROR(DEGREES(ATAN2(D20,IF(ISNUMBER(E20),E20,0))),""),"") | F82: =IF(D82<>"",IFERROR((1+SQRT(((IF(ISNUMBER(D20),D20/MAX((D20/$C$9),0.000000001),C9)-C9)^2+(IF(ISNUMBER(E20),E20/MAX((D20/$C$9),0.000000001),0))^2)/((IF(ISNUMBER(D20),D20/MAX((D20/$C$9),0.000000001),C9)+C9)^2+(IF(ISNUMBER(E20),E20/MAX((D20/$C$9),0.000000001),0))^2)))/(1-SQRT(((IF(ISNUMBER(D20),D20/MAX((D20/$C$9),0.000000001),C9)-C9)^2+(IF(ISNUMBER(E20),E20/MAX((D20/$C$9),0.000000001),0))^2)/((IF(ISNUMBER(D20),D20/MAX((D20/$C$9),0.000000001),C9)+C9)^2+(IF(ISNUMBER(E20),E20/MAX((D20/$C$9),0.000000001),0))^2))),999),"") | G82: =IF(D82<>"",IFERROR(-20*LOG10(MAX(SQRT(((IF(ISNUMBER(D20),D20/MAX((D20/$C$9),0.000000001),C9)-C9)^2+(IF(ISNUMBER(E20),E20/MAX((D20/$C$9),0.000000001),0))^2)/((IF(ISNUMBER(D20),D20/MAX((D20/$C$9),0.000000001),C9)+C9)^2+(IF(ISNUMBER(E20),E20/MAX((D20/$C$9),0.000000001),0))^2)),0.000000001)),0),"") | H82: =IF(D82<>"",IFERROR(MAX(0,-10*LOG10(1-((IF(ISNUMBER(D20),D20/MAX((D20/$C$9),0.000000001),C9)-C9)^2+(IF(ISNUMBER(E20),E20/MAX((D20/$C$9),0.000000001),0))^2)/((IF(ISNUMBER(D20),D20/MAX((D20/$C$9),0.000000001),C9)+C9)^2+(IF(ISNUMBER(E20),E20/MAX((D20/$C$9),0.000000001),0))^2))),0),"") | I82: =IF(D82<>"",IFERROR(((IF(ISNUMBER(D20),D20/MAX((D20/$C$9),0.000000001),C9)-C9)^2+(IF(ISNUMBER(E20),E20/MAX((D20/$C$9),0.000000001),0))^2)/((IF(ISNUMBER(D20),D20/MAX((D20/$C$9),0.000000001),C9)+C9)^2+(IF(ISNUMBER(E20),E20/MAX((D20/$C$9),0.000000001),0))^2)*100,0),"") | AA82: 39
B83: 4 | C83: =C21 | D83: =IF(AND(ISNUMBER(D21),D21>0),SQRT(D21^2+IF(ISNUMBER(E21),E21,0)^2),"") | E83: =IF(AND(ISNUMBER(D21),D21>0),IFERROR(DEGREES(ATAN2(D21,IF(ISNUMBER(E21),E21,0))),""),"") | F83: =IF(D83<>"",IFERROR((1+SQRT(((IF(ISNUMBER(D21),D21/MAX((D21/$C$9),0.000000001),C9)-C9)^2+(IF(ISNUMBER(E21),E21/MAX((D21/$C$9),0.000000001),0))^2)/((IF(ISNUMBER(D21),D21/MAX((D21/$C$9),0.000000001),C9)+C9)^2+(IF(ISNUMBER(E21),E21/MAX((D21/$C$9),0.000000001),0))^2)))/(1-SQRT(((IF(ISNUMBER(D21),D21/MAX((D21/$C$9),0.000000001),C9)-C9)^2+(IF(ISNUMBER(E21),E21/MAX((D21/$C$9),0.000000001),0))^2)/((IF(ISNUMBER(D21),D21/MAX((D21/$C$9),0.000000001),C9)+C9)^2+(IF(ISNUMBER(E21),E21/MAX((D21/$C$9),0.000000001),0))^2))),999),"") | G83: =IF(D83<>"",IFERROR(-20*LOG10(MAX(SQRT(((IF(ISNUMBER(D21),D21/MAX((D21/$C$9),0.000000001),C9)-C9)^2+(IF(ISNUMBER(E21),E21/MAX((D21/$C$9),0.000000001),0))^2)/((IF(ISNUMBER(D21),D21/MAX((D21/$C$9),0.000000001),C9)+C9)^2+(IF(ISNUMBER(E21),E21/MAX((D21/$C$9),0.000000001),0))^2)),0.000000001)),0),"") | H83: =IF(D83<>"",IFERROR(MAX(0,-10*LOG10(1-((IF(ISNUMBER(D21),D21/MAX((D21/$C$9),0.000000001),C9)-C9)^2+(IF(ISNUMBER(E21),E21/MAX((D21/$C$9),0.000000001),0))^2)/((IF(ISNUMBER(D21),D21/MAX((D21/$C$9),0.000000001),C9)+C9)^2+(IF(ISNUMBER(E21),E21/MAX((D21/$C$9),0.000000001),0))^2))),0),"") | I83: =IF(D83<>"",IFERROR(((IF(ISNUMBER(D21),D21/MAX((D21/$C$9),0.000000001),C9)-C9)^2+(IF(ISNUMBER(E21),E21/MAX((D21/$C$9),0.000000001),0))^2)/((IF(ISNUMBER(D21),D21/MAX((D21/$C$9),0.000000001),C9)+C9)^2+(IF(ISNUMBER(E21),E21/MAX((D21/$C$9),0.000000001),0))^2)*100,0),"") | AA83: 43
B84: 5 | C84: =C22 | D84: =IF(AND(ISNUMBER(D22),D22>0),SQRT(D22^2+IF(ISNUMBER(E22),E22,0)^2),"") | E84: =IF(AND(ISNUMBER(D22),D22>0),IFERROR(DEGREES(ATAN2(D22,IF(ISNUMBER(E22),E22,0))),""),"") | F84: =IF(D84<>"",IFERROR((1+SQRT(((IF(ISNUMBER(D22),D22/MAX((D22/$C$9),0.000000001),C9)-C9)^2+(IF(ISNUMBER(E22),E22/MAX((D22/$C$9),0.000000001),0))^2)/((IF(ISNUMBER(D22),D22/MAX((D22/$C$9),0.000000001),C9)+C9)^2+(IF(ISNUMBER(E22),E22/MAX((D22/$C$9),0.000000001),0))^2)))/(1-SQRT(((IF(ISNUMBER(D22),D22/MAX((D22/$C$9),0.000000001),C9)-C9)^2+(IF(ISNUMBER(E22),E22/MAX((D22/$C$9),0.000000001),0))^2)/((IF(ISNUMBER(D22),D22/MAX((D22/$C$9),0.000000001),C9)+C9)^2+(IF(ISNUMBER(E22),E22/MAX((D22/$C$9),0.000000001),0))^2))),999),"") | G84: =IF(D84<>"",IFERROR(-20*LOG10(MAX(SQRT(((IF(ISNUMBER(D22),D22/MAX((D22/$C$9),0.000000001),C9)-C9)^2+(IF(ISNUMBER(E22),E22/MAX((D22/$C$9),0.000000001),0))^2)/((IF(ISNUMBER(D22),D22/MAX((D22/$C$9),0.000000001),C9)+C9)^2+(IF(ISNUMBER(E22),E22/MAX((D22/$C$9),0.000000001),0))^2)),0.000000001)),0),"") | H84: =IF(D84<>"",IFERROR(MAX(0,-10*LOG10(1-((IF(ISNUMBER(D22),D22/MAX((D22/$C$9),0.000000001),C9)-C9)^2+(IF(ISNUMBER(E22),E22/MAX((D22/$C$9),0.000000001),0))^2)/((IF(ISNUMBER(D22),D22/MAX((D22/$C$9),0.000000001),C9)+C9)^2+(IF(ISNUMBER(E22),E22/MAX((D22/$C$9),0.000000001),0))^2))),0),"") | I84: =IF(D84<>"",IFERROR(((IF(ISNUMBER(D22),D22/MAX((D22/$C$9),0.000000001),C9)-C9)^2+(IF(ISNUMBER(E22),E22/MAX((D22/$C$9),0.000000001),0))^2)/((IF(ISNUMBER(D22),D22/MAX((D22/$C$9),0.000000001),C9)+C9)^2+(IF(ISNUMBER(E22),E22/MAX((D22/$C$9),0.000000001),0))^2)*100,0),"") | AA84: 47
B85: 6 | C85: =C23 | D85: =IF(AND(ISNUMBER(D23),D23>0),SQRT(D23^2+IF(ISNUMBER(E23),E23,0)^2),"") | E85: =IF(AND(ISNUMBER(D23),D23>0),IFERROR(DEGREES(ATAN2(D23,IF(ISNUMBER(E23),E23,0))),""),"") | F85: =IF(D85<>"",IFERROR((1+SQRT(((IF(ISNUMBER(D23),D23/MAX((D23/$C$9),0.000000001),C9)-C9)^2+(IF(ISNUMBER(E23),E23/MAX((D23/$C$9),0.000000001),0))^2)/((IF(ISNUMBER(D23),D23/MAX((D23/$C$9),0.000000001),C9)+C9)^2+(IF(ISNUMBER(E23),E23/MAX((D23/$C$9),0.000000001),0))^2)))/(1-SQRT(((IF(ISNUMBER(D23),D23/MAX((D23/$C$9),0.000000001),C9)-C9)^2+(IF(ISNUMBER(E23),E23/MAX((D23/$C$9),0.000000001),0))^2)/((IF(ISNUMBER(D23),D23/MAX((D23/$C$9),0.000000001),C9)+C9)^2+(IF(ISNUMBER(E23),E23/MAX((D23/$C$9),0.000000001),0))^2))),999),"") | G85: =IF(D85<>"",IFERROR(-20*LOG10(MAX(SQRT(((IF(ISNUMBER(D23),D23/MAX((D23/$C$9),0.000000001),C9)-C9)^2+(IF(ISNUMBER(E23),E23/MAX((D23/$C$9),0.000000001),0))^2)/((IF(ISNUMBER(D23),D23/MAX((D23/$C$9),0.000000001),C9)+C9)^2+(IF(ISNUMBER(E23),E23/MAX((D23/$C$9),0.000000001),0))^2)),0.000000001)),0),"") | H85: =IF(D85<>"",IFERROR(MAX(0,-10*LOG10(1-((IF(ISNUMBER(D23),D23/MAX((D23/$C$9),0.000000001),C9)-C9)^2+(IF(ISNUMBER(E23),E23/MAX((D23/$C$9),0.000000001),0))^2)/((IF(ISNUMBER(D23),D23/MAX((D23/$C$9),0.000000001),C9)+C9)^2+(IF(ISNUMBER(E23),E23/MAX((D23/$C$9),0.000000001),0))^2))),0),"") | I85: =IF(D85<>"",IFERROR(((IF(ISNUMBER(D23),D23/MAX((D23/$C$9),0.000000001),C9)-C9)^2+(IF(ISNUMBER(E23),E23/MAX((D23/$C$9),0.000000001),0))^2)/((IF(ISNUMBER(D23),D23/MAX((D23/$C$9),0.000000001),C9)+C9)^2+(IF(ISNUMBER(E23),E23/MAX((D23/$C$9),0.000000001),0))^2)*100,0),"") | AA85: 51
B86: 7 | C86: =C24 | D86: =IF(AND(ISNUMBER(D24),D24>0),SQRT(D24^2+IF(ISNUMBER(E24),E24,0)^2),"") | E86: =IF(AND(ISNUMBER(D24),D24>0),IFERROR(DEGREES(ATAN2(D24,IF(ISNUMBER(E24),E24,0))),""),"") | F86: =IF(D86<>"",IFERROR((1+SQRT(((IF(ISNUMBER(D24),D24/MAX((D24/$C$9),0.000000001),C9)-C9)^2+(IF(ISNUMBER(E24),E24/MAX((D24/$C$9),0.000000001),0))^2)/((IF(ISNUMBER(D24),D24/MAX((D24/$C$9),0.000000001),C9)+C9)^2+(IF(ISNUMBER(E24),E24/MAX((D24/$C$9),0.000000001),0))^2)))/(1-SQRT(((IF(ISNUMBER(D24),D24/MAX((D24/$C$9),0.000000001),C9)-C9)^2+(IF(ISNUMBER(E24),E24/MAX((D24/$C$9),0.000000001),0))^2)/((IF(ISNUMBER(D24),D24/MAX((D24/$C$9),0.000000001),C9)+C9)^2+(IF(ISNUMBER(E24),E24/MAX((D24/$C$9),0.000000001),0))^2))),999),"") | G86: =IF(D86<>"",IFERROR(-20*LOG10(MAX(SQRT(((IF(ISNUMBER(D24),D24/MAX((D24/$C$9),0.000000001),C9)-C9)^2+(IF(ISNUMBER(E24),E24/MAX((D24/$C$9),0.000000001),0))^2)/((IF(ISNUMBER(D24),D24/MAX((D24/$C$9),0.000000001),C9)+C9)^2+(IF(ISNUMBER(E24),E24/MAX((D24/$C$9),0.000000001),0))^2)),0.000000001)),0),"") | H86: =IF(D86<>"",IFERROR(MAX(0,-10*LOG10(1-((IF(ISNUMBER(D24),D24/MAX((D24/$C$9),0.000000001),C9)-C9)^2+(IF(ISNUMBER(E24),E24/MAX((D24/$C$9),0.000000001),0))^2)/((IF(ISNUMBER(D24),D24/MAX((D24/$C$9),0.000000001),C9)+C9)^2+(IF(ISNUMBER(E24),E24/MAX((D24/$C$9),0.000000001),0))^2))),0),"") | I86: =IF(D86<>"",IFERROR(((IF(ISNUMBER(D24),D24/MAX((D24/$C$9),0.000000001),C9)-C9)^2+(IF(ISNUMBER(E24),E24/MAX((D24/$C$9),0.000000001),0))^2)/((IF(ISNUMBER(D24),D24/MAX((D24/$C$9),0.000000001),C9)+C9)^2+(IF(ISNUMBER(E24),E24/MAX((D24/$C$9),0.000000001),0))^2)*100,0),"") | AA86: 56
B87: 8 | C87: =C25 | D87: =IF(AND(ISNUMBER(D25),D25>0),SQRT(D25^2+IF(ISNUMBER(E25),E25,0)^2),"") | E87: =IF(AND(ISNUMBER(D25),D25>0),IFERROR(DEGREES(ATAN2(D25,IF(ISNUMBER(E25),E25,0))),""),"") | F87: =IF(D87<>"",IFERROR((1+SQRT(((IF(ISNUMBER(D25),D25/MAX((D25/$C$9),0.000000001),C9)-C9)^2+(IF(ISNUMBER(E25),E25/MAX((D25/$C$9),0.000000001),0))^2)/((IF(ISNUMBER(D25),D25/MAX((D25/$C$9),0.000000001),C9)+C9)^2+(IF(ISNUMBER(E25),E25/MAX((D25/$C$9),0.000000001),0))^2)))/(1-SQRT(((IF(ISNUMBER(D25),D25/MAX((D25/$C$9),0.000000001),C9)-C9)^2+(IF(ISNUMBER(E25),E25/MAX((D25/$C$9),0.000000001),0))^2)/((IF(ISNUMBER(D25),D25/MAX((D25/$C$9),0.000000001),C9)+C9)^2+(IF(ISNUMBER(E25),E25/MAX((D25/$C$9),0.000000001),0))^2))),999),"") | G87: =IF(D87<>"",IFERROR(-20*LOG10(MAX(SQRT(((IF(ISNUMBER(D25),D25/MAX((D25/$C$9),0.000000001),C9)-C9)^2+(IF(ISNUMBER(E25),E25/MAX((D25/$C$9),0.000000001),0))^2)/((IF(ISNUMBER(D25),D25/MAX((D25/$C$9),0.000000001),C9)+C9)^2+(IF(ISNUMBER(E25),E25/MAX((D25/$C$9),0.000000001),0))^2)),0.000000001)),0),"") | H87: =IF(D87<>"",IFERROR(MAX(0,-10*LOG10(1-((IF(ISNUMBER(D25),D25/MAX((D25/$C$9),0.000000001),C9)-C9)^2+(IF(ISNUMBER(E25),E25/MAX((D25/$C$9),0.000000001),0))^2)/((IF(ISNUMBER(D25),D25/MAX((D25/$C$9),0.000000001),C9)+C9)^2+(IF(ISNUMBER(E25),E25/MAX((D25/$C$9),0.000000001),0))^2))),0),"") | I87: =IF(D87<>"",IFERROR(((IF(ISNUMBER(D25),D25/MAX((D25/$C$9),0.000000001),C9)-C9)^2+(IF(ISNUMBER(E25),E25/MAX((D25/$C$9),0.000000001),0))^2)/((IF(ISNUMBER(D25),D25/MAX((D25/$C$9),0.000000001),C9)+C9)^2+(IF(ISNUMBER(E25),E25/MAX((D25/$C$9),0.000000001),0))^2)*100,0),"") | AA87: 62
B88: 9 | C88: =C26 | D88: =IF(AND(ISNUMBER(D26),D26>0),SQRT(D26^2+IF(ISNUMBER(E26),E26,0)^2),"") | E88: =IF(AND(ISNUMBER(D26),D26>0),IFERROR(DEGREES(ATAN2(D26,IF(ISNUMBER(E26),E26,0))),""),"") | F88: =IF(D88<>"",IFERROR((1+SQRT(((IF(ISNUMBER(D26),D26/MAX((D26/$C$9),0.000000001),C9)-C9)^2+(IF(ISNUMBER(E26),E26/MAX((D26/$C$9),0.000000001),0))^2)/((IF(ISNUMBER(D26),D26/MAX((D26/$C$9),0.000000001),C9)+C9)^2+(IF(ISNUMBER(E26),E26/MAX((D26/$C$9),0.000000001),0))^2)))/(1-SQRT(((IF(ISNUMBER(D26),D26/MAX((D26/$C$9),0.000000001),C9)-C9)^2+(IF(ISNUMBER(E26),E26/MAX((D26/$C$9),0.000000001),0))^2)/((IF(ISNUMBER(D26),D26/MAX((D26/$C$9),0.000000001),C9)+C9)^2+(IF(ISNUMBER(E26),E26/MAX((D26/$C$9),0.000000001),0))^2))),999),"") | G88: =IF(D88<>"",IFERROR(-20*LOG10(MAX(SQRT(((IF(ISNUMBER(D26),D26/MAX((D26/$C$9),0.000000001),C9)-C9)^2+(IF(ISNUMBER(E26),E26/MAX((D26/$C$9),0.000000001),0))^2)/((IF(ISNUMBER(D26),D26/MAX((D26/$C$9),0.000000001),C9)+C9)^2+(IF(ISNUMBER(E26),E26/MAX((D26/$C$9),0.000000001),0))^2)),0.000000001)),0),"") | H88: =IF(D88<>"",IFERROR(MAX(0,-10*LOG10(1-((IF(ISNUMBER(D26),D26/MAX((D26/$C$9),0.000000001),C9)-C9)^2+(IF(ISNUMBER(E26),E26/MAX((D26/$C$9),0.000000001),0))^2)/((IF(ISNUMBER(D26),D26/MAX((D26/$C$9),0.000000001),C9)+C9)^2+(IF(ISNUMBER(E26),E26/MAX((D26/$C$9),0.000000001),0))^2))),0),"") | I88: =IF(D88<>"",IFERROR(((IF(ISNUMBER(D26),D26/MAX((D26/$C$9),0.000000001),C9)-C9)^2+(IF(ISNUMBER(E26),E26/MAX((D26/$C$9),0.000000001),0))^2)/((IF(ISNUMBER(D26),D26/MAX((D26/$C$9),0.000000001),C9)+C9)^2+(IF(ISNUMBER(E26),E26/MAX((D26/$C$9),0.000000001),0))^2)*100,0),"") | AA88: 68
B89: 10 | C89: =C27 | D89: =IF(AND(ISNUMBER(D27),D27>0),SQRT(D27^2+IF(ISNUMBER(E27),E27,0)^2),"") | E89: =IF(AND(ISNUMBER(D27),D27>0),IFERROR(DEGREES(ATAN2(D27,IF(ISNUMBER(E27),E27,0))),""),"") | F89: =IF(D89<>"",IFERROR((1+SQRT(((IF(ISNUMBER(D27),D27/MAX((D27/$C$9),0.000000001),C9)-C9)^2+(IF(ISNUMBER(E27),E27/MAX((D27/$C$9),0.000000001),0))^2)/((IF(ISNUMBER(D27),D27/MAX((D27/$C$9),0.000000001),C9)+C9)^2+(IF(ISNUMBER(E27),E27/MAX((D27/$C$9),0.000000001),0))^2)))/(1-SQRT(((IF(ISNUMBER(D27),D27/MAX((D27/$C$9),0.000000001),C9)-C9)^2+(IF(ISNUMBER(E27),E27/MAX((D27/$C$9),0.000000001),0))^2)/((IF(ISNUMBER(D27),D27/MAX((D27/$C$9),0.000000001),C9)+C9)^2+(IF(ISNUMBER(E27),E27/MAX((D27/$C$9),0.000000001),0))^2))),999),"") | G89: =IF(D89<>"",IFERROR(-20*LOG10(MAX(SQRT(((IF(ISNUMBER(D27),D27/MAX((D27/$C$9),0.000000001),C9)-C9)^2+(IF(ISNUMBER(E27),E27/MAX((D27/$C$9),0.000000001),0))^2)/((IF(ISNUMBER(D27),D27/MAX((D27/$C$9),0.000000001),C9)+C9)^2+(IF(ISNUMBER(E27),E27/MAX((D27/$C$9),0.000000001),0))^2)),0.000000001)),0),"") | H89: =IF(D89<>"",IFERROR(MAX(0,-10*LOG10(1-((IF(ISNUMBER(D27),D27/MAX((D27/$C$9),0.000000001),C9)-C9)^2+(IF(ISNUMBER(E27),E27/MAX((D27/$C$9),0.000000001),0))^2)/((IF(ISNUMBER(D27),D27/MAX((D27/$C$9),0.000000001),C9)+C9)^2+(IF(ISNUMBER(E27),E27/MAX((D27/$C$9),0.000000001),0))^2))),0),"") | I89: =IF(D89<>"",IFERROR(((IF(ISNUMBER(D27),D27/MAX((D27/$C$9),0.000000001),C9)-C9)^2+(IF(ISNUMBER(E27),E27/MAX((D27/$C$9),0.000000001),0))^2)/((IF(ISNUMBER(D27),D27/MAX((D27/$C$9),0.000000001),C9)+C9)^2+(IF(ISNUMBER(E27),E27/MAX((D27/$C$9),0.000000001),0))^2)*100,0),"") | AA89: 75
B90: 11 | C90: =C28 | D90: =IF(AND(ISNUMBER(D28),D28>0),SQRT(D28^2+IF(ISNUMBER(E28),E28,0)^2),"") | E90: =IF(AND(ISNUMBER(D28),D28>0),IFERROR(DEGREES(ATAN2(D28,IF(ISNUMBER(E28),E28,0))),""),"") | F90: =IF(D90<>"",IFERROR((1+SQRT(((IF(ISNUMBER(D28),D28/MAX((D28/$C$9),0.000000001),C9)-C9)^2+(IF(ISNUMBER(E28),E28/MAX((D28/$C$9),0.000000001),0))^2)/((IF(ISNUMBER(D28),D28/MAX((D28/$C$9),0.000000001),C9)+C9)^2+(IF(ISNUMBER(E28),E28/MAX((D28/$C$9),0.000000001),0))^2)))/(1-SQRT(((IF(ISNUMBER(D28),D28/MAX((D28/$C$9),0.000000001),C9)-C9)^2+(IF(ISNUMBER(E28),E28/MAX((D28/$C$9),0.000000001),0))^2)/((IF(ISNUMBER(D28),D28/MAX((D28/$C$9),0.000000001),C9)+C9)^2+(IF(ISNUMBER(E28),E28/MAX((D28/$C$9),0.000000001),0))^2))),999),"") | G90: =IF(D90<>"",IFERROR(-20*LOG10(MAX(SQRT(((IF(ISNUMBER(D28),D28/MAX((D28/$C$9),0.000000001),C9)-C9)^2+(IF(ISNUMBER(E28),E28/MAX((D28/$C$9),0.000000001),0))^2)/((IF(ISNUMBER(D28),D28/MAX((D28/$C$9),0.000000001),C9)+C9)^2+(IF(ISNUMBER(E28),E28/MAX((D28/$C$9),0.000000001),0))^2)),0.000000001)),0),"") | H90: =IF(D90<>"",IFERROR(MAX(0,-10*LOG10(1-((IF(ISNUMBER(D28),D28/MAX((D28/$C$9),0.000000001),C9)-C9)^2+(IF(ISNUMBER(E28),E28/MAX((D28/$C$9),0.000000001),0))^2)/((IF(ISNUMBER(D28),D28/MAX((D28/$C$9),0.000000001),C9)+C9)^2+(IF(ISNUMBER(E28),E28/MAX((D28/$C$9),0.000000001),0))^2))),0),"") | I90: =IF(D90<>"",IFERROR(((IF(ISNUMBER(D28),D28/MAX((D28/$C$9),0.000000001),C9)-C9)^2+(IF(ISNUMBER(E28),E28/MAX((D28/$C$9),0.000000001),0))^2)/((IF(ISNUMBER(D28),D28/MAX((D28/$C$9),0.000000001),C9)+C9)^2+(IF(ISNUMBER(E28),E28/MAX((D28/$C$9),0.000000001),0))^2)*100,0),"") | AA90: 82
AA91: 91
B92: INTERPRETATION GUIDE | AA92: 100
B93: SWR ≤ 1.5 (green) → Excellent match. Less than 4% reflected power. | AA93: 110
B94: SWR 1.5–3.0 (white) → Acceptable for many ham-radio / RF applications. | AA94: 120
B95: SWR > 3.0 (red) → Poor match; consider adjusting tap or compensating network. | AA95: 130
B96: Return Loss > 14 dB → Better than SWR 1.5:1 — acceptable in most systems. | AA96: 150
B97: Mismatch Loss → Power lost in mismatch (dB). 0.5 dB ≈ 11% power loss. | AA97: 160
B98: Phase ≠ 0° → Reactance present; ideal UnUn cannot fully transform — add series/shunt L or C. | AA98: 180
B99: NOTE: Calculations assume an ideal (lossless) transformer. Add copper + core losses separately. | AA99: 200
AA100: 220
B101: AIR-CORE COIL GEOMETRY & INDUCTANCE | AA101: 240
B102: Wheeler formula for single-layer air-core solenoid | AA102: 270
AA103: 300
B104: COIL GEOMETRY INPUTS | AA104: 330
B105: Parameter | C105: Value | D105: Unit | E105: Formula / Notes | AA105: 360
B106: Coil Former Diameter | C106: =C11 -> 50 | D106: mm | E106: Linked from Inputs → Core Diameter | AA106: 390
B107: Wire Diameter incl. Insulation | C107: =C10 -> 1 | D107: mm | E107: Linked from Inputs → Wire Diameter | AA107: 430
...

Sheet NEC2 Export
A1: 📡 NEC2 Export — Long Wire Antenna Simulation File Generator
A2: By Emiliano Gonzalez LU3VEA – lu3vea@gmail.com – License: CC0 v1.0 | v1.1 Fixed: vertical CP segment count bug
A4: ⚙ SIMULATION PARAMETERS — Blue cells are editable inputs
A5: Wire Length | B5: =IFERROR(IF(ISNUMBER(INDEX(Calculator!$B$29:$B$38,E5)),INDEX(Calculator!$B$29:$B$38,E5),0),0) -> 13.3 | C5: m | D5: Select antenna | E5: 1 | F5: ← Rank (1–10) | G5: =INDEX(Calculator!$E$29:$E$38,E5) -> ★★★ EXCELLENT | H5: =IFERROR("Score "&TEXT(INDEX(Calculator!$D$29:$D$38,E5),"0.000")&" · "&INDEX(Calculator!$G$29:$G$38,E5),"") -> Score 0.153 · Portable / SOTA
A6: Counterpoise Length | B6: =IFERROR(IF(ISNUMBER(Calculator!D25),Calculator!D25,0),0) -> 9.965035 | C6: m | D6: λ/4 of lowest active band. Set to 0 to omit counterpoise.
A7: Wire Height above ground | B7: 5 | C7: m | D7: Antenna wire height. Typical: 5–15 m for portable, 10–30 m for home station.
A8: Wire Diameter | B8: 1 | C8: mm | D8: Conductor diameter. Typical: 1.0 mm (20 AWG), 2.05 mm (12 AWG), 3.26 mm (8 AWG).
A9: Wire Conductivity | B9: 58000000 | C9: S/m | D9: Copper: 5.8×10⁷. Aluminium: 3.5×10⁷. Steel: 1.0×10⁷.
A10: Segments (antenna wire) | B10: =MAX(11,2*INT(B5*B15/30/2)+1) -> 11 | C10: - | D10: NEC2 rule: segment length ≤ λ/10 at highest frequency. Formula: MAX(11, 2×INT(L×f/30/2)+1).
A11: Segments (counterpoise) | B11: =IF(B6>0,MAX(7,2*INT(B6*B15/30/2)+1),0) -> 7 | C11: - | D11: Segments for HORIZONTAL counterpoise wire. NEC2 rule: ≤ λ/10 at highest frequency. 0 if no counterpoise.
A12: Ground Type | B12: Real (Sommerfeld-Norton) | C12: - | D12: Options: "Free Space", "Perfect Ground", "Real (Sommerfeld-Norton)"
A13: Ground Conductivity | B13: 0.005 | C13: S/m | D13: Typical soil: 0.001–0.03. Good ground: 0.03. Sea water: 5.0.
A14: Ground Permittivity | B14: 13 | C14: εr | D14: Typical soil: 10–20. Rocky: 7. Sea water: 80.
A15: Highest Sim. Freq. | B15: =IFERROR(SUMPRODUCT(MAX((Calculator!E12:E22="YES")*Calculator!C12:C22)),28) -> 14.35 | C15: MHz | D15: Auto-filled: highest active band upper edge. Used for segment count.
A16: Lowest Sim. Freq. | B16: =IFERROR(SUMPRODUCT(MIN(IF(Calculator!E12:E22="YES",Calculator!B12:B22,1000000000))),7) -> 7 | C16: MHz | D16: Auto-filled: lowest active band lower edge.
A17: Frequency Step | B17: 0.5 | C17: MHz | D17: Sweep step.
A18: Source Impedance | B18: 50 | C18: Ω | D18: Reference impedance for VSWR calculation. Standard: 50 Ω.
A19: Source Power | B19: 100 | C19: W | D19: Transmit power for field strength calculations.
A21: NEC2 INPUT DECK — COUNTERPOISE HORIZONTAL (IN-LINE with antenna) — Copy everything in column A below the dashed line into a .nec file
A22: # | B22: Tag / Wire | C22: X1 (m) | D22: Y1 (m) | E22: Z1 (m) | F22: X2 (m) | G22: Y2 (m) | H22: Z2 (m) / Notes
A23: 1 | B23: Antenna wire | C23: =-(B5/2) -> -6.65 | D23: 0 | E23: =B7 -> 5 | F23: =(B5/2) -> 6.65 | G23: 0 | H23: =B7 -> 5
A24: 2 | B24: Counterpoise | C24: =IF(B6>0,-(B5/2+B6),0) -> -16.615035 | D24: 0 | E24: =IF(B6>0,B7,"") -> 5 | F24: =IF(B6>0,-(B5/2),0) -> -6.65 | G24: 0 | H24: =IF(B6>0,B7,"") -> 5
A26: ="CM Long Wire Antenna — NEC2 Model" -> CM Long Wire Antenna — NEC2 Model | B26: Comment: model title
A27: ="CM Wire length: "&TEXT(B5,"0.0")&" m | Counterpoise: "&TEXT(B6,"0.0")&" m | Height: "&TEXT(B7,"0.0")&" m" -> CM Wire length: 13.3 m | Counterpoise: 10.0 m | Height: 5.0 m | B27: Comment: dimensions
A28: ="CM Wire diameter: "&TEXT(B8,"0.0")&" mm | Conductivity: "&TEXT(B9,"0.00E+0")&" S/m" -> CM Wire diameter: 1.0 mm | Conductivity: 5.80E+7 S/m | B28: Comment: conductor
A29: ="CM Frequency sweep: "&TEXT(B16,"0.00")&" – "&TEXT(B16+(CEILING((B15-B16)/B17,1))*B17,"0.00")&" MHz step "&TEXT(B17,"0.00")&" MHz" -> CM Frequency sweep: 7.00 – 14.50 MHz step 0.50 MHz | B29: Comment: frequency
A30: ="CM Generated by Long Wire Antenna Calculator – LU3VEA" -> CM Generated by Long Wire Antenna Calculator – LU3VEA | B30: Comment: source
A31: ="CE" -> CE | B31: CE = end of comments
A32: =IFERROR("GW 1 "&SUBSTITUTE(TEXT(B10,"0"),",",".")&" "&SUBSTITUTE(TEXT(-B5/2,"0.0000"),",",".")&" 0.0000 "&SUBSTITUTE(TEXT(B7,"0.0000"),",",".")&" "&SUBSTITUTE(TEXT(B5/2,"0.0000"),",",".")&" 0.0000 "&SUBSTITUTE(TEXT(B7,"0.0000"),",",".")&" "&SUBSTITUTE(TEXT(B8/2000,"0.00000"),",","."),"!!! ERROR: Wire Length (B5) is not a valid number. Recalculate the workbook first.") -> GW 1 11 -6.6500 0.0000 5.0000 6.6500 0.0000 5.0000 0.00050 | B32: GW tag=1: antenna wire. Format: GW tag segs X1 Y1 Z1 X2 Y2 Z2 radius(m)
A33: =IFERROR(IF(B6>0,"GW 2 "&SUBSTITUTE(TEXT(B11,"0"),",",".")&" "&SUBSTITUTE(TEXT(-(B5/2+B6),"0.0000"),",",".")&" 0.0000 "&SUBSTITUTE(TEXT(B7,"0.0000"),",",".")&" "&SUBSTITUTE(TEXT(-B5/2,"0.0000"),",",".")&" 0.0000 "&SUBSTITUTE(TEXT(B7,"0.0000"),",",".")&" "&SUBSTITUTE(TEXT(B8/2000,"0.00000"),",","."),"CM (no counterpoise — B6=0)"),"!!! ERROR: Check Wire/Counterpoise inputs (B5, B6)") -> GW 2 7 -16.6150 0.0000 5.0000 -6.6500 0.0000 5.0000 0.00050 | B33: GW tag=2: counterpoise. Omitted (CM comment) when counterpoise length = 0.
A34: =IF(B12="Free Space","GE 0","GE 1") -> GE 1 | B34: GE: 0 = free space, 1 = ground present. Auto from Ground Type.
A35: =IFERROR("LD 5 1 1 "&SUBSTITUTE(TEXT(B10,"0"),",",".")&" "&SUBSTITUTE(TEXT(B9,"0.000E+00"),",","."),"!!! ERROR: Check segment count (B10)") -> LD 5 1 1 11 5.800E+07 | B35: LD type=5: wire conductivity load on all segments of antenna (tag 1). Without this NEC2 assumes perfect (lossless) conductor.
A36: =IFERROR(IF(B6>0,"LD 5 2 1 "&SUBSTITUTE(TEXT(B11,"0"),",",".")&" "&SUBSTITUTE(TEXT(B9,"0.000E+00"),",","."),"CM (no LD 5 for counterpoise — no counterpoise)"),"!!! ERROR: Check segment count (B11)") -> LD 5 2 1 7 5.800E+07 | B36: LD type=5: wire conductivity load on counterpoise (tag 2). Omitted if counterpoise length = 0.
A37: ="EX 0 1 1 0 1 0" -> EX 0 1 1 0 1 0 | B37: EX: voltage source at feedpoint (end segment 1 of antenna wire tag 1). End-fed: source at wire end, not centre.
A38: =IF(B12="Free Space","GN -1",IF(B12="Perfect Ground","GN 1","GN 2 0 0 0 "&SUBSTITUTE(TEXT(B14,"0.0"),",",".")&" "&SUBSTITUTE(TEXT(B13,"0.000"),",","."))) -> GN 2 0 0 0 13.0 0.005 | B38: GN: ground type. -1=free space, 1=perfect, 2=real (Sommerfeld-Norton) with εr and σ.
A39: =IFERROR("FR 0 "&SUBSTITUTE(TEXT(CEILING((B15-B16)/B17,1)+1,"0"),",",".")&" 0 0 "&SUBSTITUTE(TEXT(B16,"0.000"),",",".")&" "&SUBSTITUTE(TEXT(B17,"0.000"),",","."),"!!! ERROR: Check frequency settings (B15/B16/B17)") -> FR 0 16 0 0 7.000 0.500 | B39: FR: linear frequency sweep. NFRQ=CEILING((fHigh-fLow)/step,1)+1; actual sweep end = fLow+(NFRQ-1)×step (may exceed fHigh by <1 step). Format: FR type steps 0 0 fStart fStep(MHz).
A40: ="RP 0 1 361 1000 90 0 0 1" -> RP 0 1 361 1000 90 0 0 1 | B40: RP: azimuth radiation pattern. 1 elevation angle (90°=horizon), 361 azimuth steps, 1° step.
A41: ="EN" -> EN | B41: EN: end of NEC2 input file.
A43: NEC2 INPUT DECK — ANTENNA HORIZONTAL + COUNTERPOISE VERTICAL — Copy everything in column A below the dashed line into a .nec file
A44: # | B44: Tag / Wire | C44: X1 (m) | D44: Y1 (m) | E44: Z1 (m) | F44: X2 (m) | G44: Y2 (m) | H44: Z2 (m) / Notes
A45: 1 | B45: Antenna wire horizontal | C45: =-(B5/2) -> -6.65 | D45: 0 | E45: =B7 -> 5 | F45: =(B5/2) -> 6.65 | G45: 0 | H45: =B7 -> 5
A46: 2 | B46: Counterpoise | C46: =-(B5/2) -> -6.65 | D46: 0 | E46: =B7 -> 5 | F46: =-(B5/2) -> -6.65 | G46: 0 | H46: =IF(B6>0,MAX(0.0001,B7-B6),0) -> 0.0001
A48: ="CM Long Wire Antenna — NEC2 Model (antenna H + counterpoise V)" -> CM Long Wire Antenna — NEC2 Model (antenna H + counterpoise V) | B48: Comment: model title
A49: ="CM Wire length: "&TEXT(B5,"0.0")&" m | Counterpoise (vertical): "&TEXT(MIN(B6,B7),"0.0")&" m | Height: "&TEXT(B7,"0.0")&" m" -> CM Wire length: 13.3 m | Counterpoise (vertical): 5.0 m | Height: 5.0 m | B49: Comment: dimensions
A50: ="CM Wire diameter: "&TEXT(B8,"0.0")&" mm | Conductivity: "&TEXT(B9,"0.00E+0")&" S/m" -> CM Wire diameter: 1.0 mm | Conductivity: 5.80E+7 S/m | B50: Comment: conductor
A51: ="CM Frequency sweep: "&TEXT(B16,"0.00")&" – "&TEXT(B16+(CEILING((B15-B16)/B17,1))*B17,"0.00")&" MHz step "&TEXT(B17,"0.00")&" MHz" -> CM Frequency sweep: 7.00 – 14.50 MHz step 0.50 MHz | B51: Comment: frequency
A52: ="CM Geometry: antenna horizontal (X-axis), counterpoise vertical drop from feedpoint" -> CM Geometry: antenna horizontal (X-axis), counterpoise vertical drop from feedpoint | B52: Comment: geometry note
A53: ="CM Generated by Long Wire Antenna Calculator – LU3VEA" -> CM Generated by Long Wire Antenna Calculator – LU3VEA | B53: Comment: source
A54: ="CE" -> CE | B54: CE = end of comments
A55: =IFERROR("GW 1 "&SUBSTITUTE(TEXT(B10,"0"),",",".")&" "&SUBSTITUTE(TEXT(-B5/2,"0.0000"),",",".")&" 0.0000 "&SUBSTITUTE(TEXT(B7,"0.0000"),",",".")&" "&SUBSTITUTE(TEXT(B5/2,"0.0000"),",",".")&" 0.0000 "&SUBSTITUTE(TEXT(B7,"0.0000"),",",".")&" "&SUBSTITUTE(TEXT(B8/2000,"0.00000"),",","."),"!!! ERROR: Wire Length (B5) is not a valid number. Recalculate the workbook first.") -> GW 1 11 -6.6500 0.0000 5.0000 6.6500 0.0000 5.0000 0.00050 | B55: GW tag=1: antenna wire (horizontal). Format: GW tag segs X1 Y1 Z1 X2 Y2 Z2 radius(m)
A56: =IFERROR(IF(B6>0,"GW 2 "&SUBSTITUTE(TEXT(IF(B6>0,MAX(7,2*INT(MIN(B6,B7)*B15/30/2)+1),7),"0"),",",".")&" "&SUBSTITUTE(TEXT(-B5/2,"0.0000"),",",".")&" 0.0000 "&SUBSTITUTE(TEXT(B7,"0.0000"),",",".")&" "&SUBSTITUTE(TEXT(-B5/2,"0.0000"),",",".")&" 0.0000 "&SUBSTITUTE(TEXT(MAX(0.0001,B7-B6),"0.0000"),",",".")&" "&SUBSTITUTE(TEXT(B8/2000,"0.00000"),",","."),"CM (no counterpoise — B6=0)"),"!!! ERROR: Check Wire/Counterpoise inputs (B5, B6)") -> GW 2 7 -6.6500 0.0000 5.0000 -6.6500 0.0000 0.0001 0.00050 | B56: GW tag=2: counterpoise VERTICAL. Drops from feedpoint end (X=-L/2) to near-ground (0.0001 m). Must share endpoint with GW1 segment 1.
A57: =IF(B12="Free Space","GE 0","GE 1") -> GE 1 | B57: GE: 0 = free space, 1 = ground present.
A58: =IFERROR("LD 5 1 1 "&SUBSTITUTE(TEXT(B10,"0"),",",".")&" "&SUBSTITUTE(TEXT(B9,"0.000E+00"),",","."),"!!! ERROR: Check segment count (B10)") -> LD 5 1 1 11 5.800E+07 | B58: LD type=5: wire conductivity on antenna (tag 1).
A59: =IFERROR(IF(B6>0,"LD 5 2 1 "&SUBSTITUTE(TEXT(IF(B6>0,MAX(7,2*INT(MIN(B6,B7)*B15/30/2)+1),7),"0"),",",".")&" "&SUBSTITUTE(TEXT(B9,"0.000E+00"),",","."),"CM (no LD 5 for counterpoise — B6=0)"),"!!! ERROR: Check segment count") -> LD 5 2 1 7 5.800E+07 | B59: LD type=5: wire conductivity on counterpoise (tag 2). Omitted if counterpoise length = 0.
A60: ="EX 0 1 1 0 1 0" -> EX 0 1 1 0 1 0 | B60: EX: voltage source at feedpoint (end segment 1 of antenna wire tag 1). End-fed: source at wire start, not centre.
A61: =IF(B12="Free Space","GN -1",IF(B12="Perfect Ground","GN 1","GN 2 0 0 0 "&SUBSTITUTE(TEXT(B14,"0.0"),",",".")&" "&SUBSTITUTE(TEXT(B13,"0.000"),",","."))) -> GN 2 0 0 0 13.0 0.005 | B61: GN: ground type. -1=free space, 1=perfect, 2=real (Sommerfeld-Norton).
A62: =IFERROR("FR 0 "&SUBSTITUTE(TEXT(CEILING((B15-B16)/B17,1)+1,"0"),",",".")&" 0 0 "&SUBSTITUTE(TEXT(B16,"0.000"),",",".")&" "&SUBSTITUTE(TEXT(B17,"0.000"),",","."),"!!! ERROR: Check frequency settings (B15/B16/B17)") -> FR 0 16 0 0 7.000 0.500 | B62: FR: linear frequency sweep. See row 40 note — actual last freq = fLow+(NFRQ-1)×step.
A63: ="RP 0 1 361 1000 90 0 0 1" -> RP 0 1 361 1000 90 0 0 1 | B63: RP: azimuth radiation pattern.
A64: ="EN" -> EN | B64: EN: end of NEC2 input file.

Sheet Length Sweep
A1: 📊 Wire Length Sweep 5.0 – 60.0 m (step 0.1 m) — Resonance Avoidance Score · GREEN rows = recommended
A2: By Emiliano Gonzalez LU3VEA – lu3vea@gmail.com – License: CC0 v1.0
A4: Score = worst-case (minimum) resonance-avoidance fraction across ALL active bands and the FULL band span. 0.25 = perfect (mid-gap between λ/4 and λ/2), 0.00 = on resonance anywhere in the band. Inactive bands return 1.00 (not counted). CORRECTED: formula evaluates at both band edges (f Low & f High) and analytically detects any λ/2 or λ/4 resonance falling inside the full [f Low, f High] window — if one exists the band score is 0. ⚠ Both λ/2 (very high Z, >2000 Ω) AND λ/4 (very low Z) are penalised. Previous version used only f Center, missing resonances at band edges.
A5: ⚠ Change band ACTIVE selection on the 'Calculator' sheet — this table updates automatically!
A6: Wire Length (m) | B6: 160m score | C6: 80m score | D6: 60m score | E6: 40m score | F6: 30m score | G6: 20m score | H6: 17m score | I6: 15m score | J6: 12m score | K6: 10m score | L6: 6m score | M6: OVERALL Score | N6: Rank | O6: Quality Rating
A7: 5 | B7: =IF(Calculator!$E$12="YES",IF(A7<Calculator!$G$12,0,MIN(MIN(MIN(MOD(A7*Calculator!$B$12/(Calculator!$D$7*150),1),1-MOD(A7*Calculator!$B$12/(Calculator!$D$7*150),1)),ABS(MOD(A7*Calculator!$B$12/(Calculator!$D$7*150),1)-0.5)),MIN(MIN(MOD(A7*Calculator!$C$12/(Calculator!$D$7*150),1),1-MOD(A7*Calculator!$C$12/(Calculator!$D$7*150),1)),ABS(MOD(A7*Calculator!$C$12/(Calculator!$D$7*150),1)-0.5)),IF(INT(2*A7*Calculator!$C$12/(Calculator!$D$7*150))>INT(2*A7*Calculator!$B$12/(Calculator!$D$7*150)),0,1))),1) -> 1 | C7: =IF(Calculator!$E$13="YES",IF(A7<Calculator!$G$13,0,MIN(MIN(MIN(MOD(A7*Calculator!$B$13/(Calculator!$D$7*150),1),1-MOD(A7*Calculator!$B$13/(Calculator!$D$7*150),1)),ABS(MOD(A7*Calculator!$B$13/(Calculator!$D$7*150),1)-0.5)),MIN(MIN(MOD(A7*Calculator!$C$13/(Calculator!$D$7*150),1),1-MOD(A7*Calculator!$C$13/(Calculator!$D$7*150),1)),ABS(MOD(A7*Calculator!$C$13/(Calculator!$D$7*150),1)-0.5)),IF(INT(2*A7*Calculator!$C$13/(Calculator!$D$7*150))>INT(2*A7*Calculator!$B$13/(Calculator!$D$7*150)),0,1))),1) -> 1 | D7: =IF(Calculator!$E$14="YES",IF(A7<Calculator!$G$14,0,MIN(MIN(MIN(MOD(A7*Calculator!$B$14/(Calculator!$D$7*150),1),1-MOD(A7*Calculator!$B$14/(Calculator!$D$7*150),1)),ABS(MOD(A7*Calculator!$B$14/(Calculator!$D$7*150),1)-0.5)),MIN(MIN(MOD(A7*Calculator!$C$14/(Calculator!$D$7*150),1),1-MOD(A7*Calculator!$C$14/(Calculator!$D$7*150),1)),ABS(MOD(A7*Calculator!$C$14/(Calculator!$D$7*150),1)-0.5)),IF(INT(2*A7*Calculator!$C$14/(Calculator!$D$7*150))>INT(2*A7*Calculator!$B$14/(Calculator!$D$7*150)),0,1))),1) -> 1 | E7: =IF(Calculator!$E$15="YES",IF(A7<Calculator!$G$15,0,MIN(MIN(MIN(MOD(A7*Calculator!$B$15/(Calculator!$D$7*150),1),1-MOD(A7*Calculator!$B$15/(Calculator!$D$7*150),1)),ABS(MOD(A7*Calculator!$B$15/(Calculator!$D$7*150),1)-0.5)),MIN(MIN(MOD(A7*Calculator!$C$15/(Calculator!$D$7*150),1),1-MOD(A7*Calculator!$C$15/(Calculator!$D$7*150),1)),ABS(MOD(A7*Calculator!$C$15/(Calculator!$D$7*150),1)-0.5)),IF(INT(2*A7*Calculator!$C$15/(Calculator!$D$7*150))>INT(2*A7*Calculator!$B$15/(Calculator!$D$7*150)),0,1))),1) -> 0 | F7: =IF(Calculator!$E$16="YES",IF(A7<Calculator!$G$16,0,MIN(MIN(MIN(MOD(A7*Calculator!$B$16/(Calculator!$D$7*150),1),1-MOD(A7*Calculator!$B$16/(Calculator!$D$7*150),1)),ABS(MOD(A7*Calculator!$B$16/(Calculator!$D$7*150),1)-0.5)),MIN(MIN(MOD(A7*Calculator!$C$16/(Calculator!$D$7*150),1),1-MOD(A7*Calculator!$C$16/(Calculator!$D$7*150),1)),ABS(MOD(A7*Calculator!$C$16/(Calculator!$D$7*150),1)-0.5)),IF(INT(2*A7*Calculator!$C$16/(Calculator!$D$7*150))>INT(2*A7*Calculator!$B$16/(Calculator!$D$7*150)),0,1))),1) -> 1 | G7: =IF(Calculator!$E$17="YES",IF(A7<Calculator!$G$17,0,MIN(MIN(MIN(MOD(A7*Calculator!$B$17/(Calculator!$D$7*150),1),1-MOD(A7*Calculator!$B$17/(Calculator!$D$7*150),1)),ABS(MOD(A7*Calculator!$B$17/(Calculator!$D$7*150),1)-0.5)),MIN(MIN(MOD(A7*Calculator!$C$17/(Calculator!$D$7*150),1),1-MOD(A7*Calculator!$C$17/(Calculator!$D$7*150),1)),ABS(MOD(A7*Calculator!$C$17/(Calculator!$D$7*150),1)-0.5)),IF(INT(2*A7*Calculator!$C$17/(Calculator!$D$7*150))>INT(2*A7*Calculator!$B$17/(Calculator!$D$7*150)),0,1))),1) -> 0 | H7: =IF(Calculator!$E$18="YES",IF(A7<Calculator!$G$18,0,MIN(MIN(MIN(MOD(A7*Calculator!$B$18/(Calculator!$D$7*150),1),1-MOD(A7*Calculator!$B$18/(Calculator!$D$7*150),1)),ABS(MOD(A7*Calculator!$B$18/(Calculator!$D$7*150),1)-0.5)),MIN(MIN(MOD(A7*Calculator!$C$18/(Calculator!$D$7*150),1),1-MOD(A7*Calculator!$C$18/(Calculator!$D$7*150),1)),ABS(MOD(A7*Calculator!$C$18/(Calculator!$D$7*150),1)-0.5)),IF(INT(2*A7*Calculator!$C$18/(Calculator!$D$7*150))>INT(2*A7*Calculator!$B$18/(Calculator!$D$7*150)),0,1))),1) -> 1 | I7: =IF(Calculator!$E$19="YES",IF(A7<Calculator!$G$19,0,MIN(MIN(MIN(MOD(A7*Calculator!$B$19/(Calculator!$D$7*150),1),1-MOD(A7*Calculator!$B$19/(Calculator!$D$7*150),1)),ABS(MOD(A7*Calculator!$B$19/(Calculator!$D$7*150),1)-0.5)),MIN(MIN(MOD(A7*Calculator!$C$19/(Calculator!$D$7*150),1),1-MOD(A7*Calculator!$C$19/(Calculator!$D$7*150),1)),ABS(MOD(A7*Calculator!$C$19/(Calculator!$D$7*150),1)-0.5)),IF(INT(2*A7*Calculator!$C$19/(Calculator!$D$7*150))>INT(2*A7*Calculator!$B$19/(Calculator!$D$7*150)),0,1))),1) -> 1 | J7: =IF(Calculator!$E$20="YES",IF(A7<Calculator!$G$20,0,MIN(MIN(MIN(MOD(A7*Calculator!$B$20/(Calculator!$D$7*150),1),1-MOD(A7*Calculator!$B$20/(Calculator!$D$7*150),1)),ABS(MOD(A7*Calculator!$B$20/(Calculator!$D$7*150),1)-0.5)),MIN(MIN(MOD(A7*Calculator!$C$20/(Calculator!$D$7*150),1),1-MOD(A7*Calculator!$C$20/(Calculator!$D$7*150),1)),ABS(MOD(A7*Calculator!$C$20/(Calculator!$D$7*150),1)-0.5)),IF(INT(2*A7*Calculator!$C$20/(Calculator!$D$7*150))>INT(2*A7*Calculator!$B$20/(Calculator!$D$7*150)),0,1))),1) -> 1 | K7: =IF(Calculator!$E$21="YES",IF(A7<Calculator!$G$21,0,MIN(MIN(MIN(MOD(A7*Calculator!$B$21/(Calculator!$D$7*150),1),1-MOD(A7*Calculator!$B$21/(Calculator!$D$7*150),1)),ABS(MOD(A7*Calculator!$B$21/(Calculator!$D$7*150),1)-0.5)),MIN(MIN(MOD(A7*Calculator!$C$21/(Calculator!$D$7*150),1),1-MOD(A7*Calculator!$C$21/(Calculator!$D$7*150),1)),ABS(MOD(A7*Calculator!$C$21/(Calculator!$D$7*150),1)-0.5)),IF(INT(2*A7*Calculator!$C$21/(Calculator!$D$7*150))>INT(2*A7*Calculator!$B$21/(Calculator!$D$7*150)),0,1))),1) -> 1 | L7: =IF(Calculator!$E$22="YES",IF(A7<Calculator!$G$22,0,MIN(MIN(MIN(MOD(A7*Calculator!$B$22/(Calculator!$D$7*150),1),1-MOD(A7*Calculator!$B$22/(Calculator!$D$7*150),1)),ABS(MOD(A7*Calculator!$B$22/(Calculator!$D$7*150),1)-0.5)),MIN(MIN(MOD(A7*Calculator!$C$22/(Calculator!$D$7*150),1),1-MOD(A7*Calculator!$C$22/(Calculator!$D$7*150),1)),ABS(MOD(A7*Calculator!$C$22/(Calculator!$D$7*150),1)-0.5)),IF(INT(2*A7*Calculator!$C$22/(Calculator!$D$7*150))>INT(2*A7*Calculator!$B$22/(Calculator!$D$7*150)),0,1))),1) -> 1 | M7: =MIN(B7:L7) -> 0 | N7: =SUMPRODUCT(($M$7:$M$557>M7)*1)+SUMPRODUCT(($M$7:$M$557=M7)*(ROW($M$7:$M$557)<ROW(M7)))+1 -> 383 | O7: =IF(M7>=0.13,"★★★ EXCELLENT",IF(M7>=0.12,"★★ GOOD",IF(M7>=0.07,"★ FAIR",IF(M7>=0.025,"⚠ MARGINAL","✗ AVOID")))) -> ✗ AVOID
A8: 5.1 | B8: =IF(Calculator!$E$12="YES",IF(A8<Calculator!$G$12,0,MIN(MIN(MIN(MOD(A8*Calculator!$B$12/(Calculator!$D$7*150),1),1-MOD(A8*Calculator!$B$12/(Calculator!$D$7*150),1)),ABS(MOD(A8*Calculator!$B$12/(Calculator!$D$7*150),1)-0.5)),MIN(MIN(MOD(A8*Calculator!$C$12/(Calculator!$D$7*150),1),1-MOD(A8*Calculator!$C$12/(Calculator!$D$7*150),1)),ABS(MOD(A8*Calculator!$C$12/(Calculator!$D$7*150),1)-0.5)),IF(INT(2*A8*Calculator!$C$12/(Calculator!$D$7*150))>INT(2*A8*Calculator!$B$12/(Calculator!$D$7*150)),0,1))),1) -> 1 | C8: =IF(Calculator!$E$13="YES",IF(A8<Calculator!$G$13,0,MIN(MIN(MIN(MOD(A8*Calculator!$B$13/(Calculator!$D$7*150),1),1-MOD(A8*Calculator!$B$13/(Calculator!$D$7*150),1)),ABS(MOD(A8*Calculator!$B$13/(Calculator!$D$7*150),1)-0.5)),MIN(MIN(MOD(A8*Calculator!$C$13/(Calculator!$D$7*150),1),1-MOD(A8*Calculator!$C$13/(Calculator!$D$7*150),1)),ABS(MOD(A8*Calculator!$C$13/(Calculator!$D$7*150),1)-0.5)),IF(INT(2*A8*Calculator!$C$13/(Calculator!$D$7*150))>INT(2*A8*Calculator!$B$13/(Calculator!$D$7*150)),0,1))),1) -> 1 | D8: =IF(Calculator!$E$14="YES",IF(A8<Calculator!$G$14,0,MIN(MIN(MIN(MOD(A8*Calculator!$B$14/(Calculator!$D$7*150),1),1-MOD(A8*Calculator!$B$14/(Calculator!$D$7*150),1)),ABS(MOD(A8*Calculator!$B$14/(Calculator!$D$7*150),1)-0.5)),MIN(MIN(MOD(A8*Calculator!$C$14/(Calculator!$D$7*150),1),1-MOD(A8*Calculator!$C$14/(Calculator!$D$7*150),1)),ABS(MOD(A8*Calculator!$C$14/(Calculator!$D$7*150),1)-0.5)),IF(INT(2*A8*Calculator!$C$14/(Calculator!$D$7*150))>INT(2*A8*Calculator!$B$14/(Calculator!$D$7*150)),0,1))),1) -> 1 | E8: =IF(Calculator!$E$15="YES",IF(A8<Calculator!$G$15,0,MIN(MIN(MIN(MOD(A8*Calculator!$B$15/(Calculator!$D$7*150),1),1-MOD(A8*Calculator!$B$15/(Calculator!$D$7*150),1)),ABS(MOD(A8*Calculator!$B$15/(Calculator!$D$7*150),1)-0.5)),MIN(MIN(MOD(A8*Calculator!$C$15/(Calculator!$D$7*150),1),1-MOD(A8*Calculator!$C$15/(Calculator!$D$7*150),1)),ABS(MOD(A8*Calculator!$C$15/(Calculator!$D$7*150),1)-0.5)),IF(INT(2*A8*Calculator!$C$15/(Calculator!$D$7*150))>INT(2*A8*Calculator!$B$15/(Calculator!$D$7*150)),0,1))),1) -> 0 | F8: =IF(Calculator!$E$16="YES",IF(A8<Calculator!$G$16,0,MIN(MIN(MIN(MOD(A8*Calculator!$B$16/(Calculator!$D$7*150),1),1-MOD(A8*Calculator!$B$16/(Calculator!$D$7*150),1)),ABS(MOD(A8*Calculator!$B$16/(Calculator!$D$7*150),1)-0.5)),MIN(MIN(MOD(A8*Calculator!$C$16/(Calculator!$D$7*150),1),1-MOD(A8*Calculator!$C$16/(Calculator!$D$7*150),1)),ABS(MOD(A8*Calculator!$C$16/(Calculator!$D$7*150),1)-0.5)),IF(INT(2*A8*Calculator!$C$16/(Calculator!$D$7*150))>INT(2*A8*Calculator!$B$16/(Calculator!$D$7*150)),0,1))),1) -> 1 | G8: =IF(Calculator!$E$17="YES",IF(A8<Calculator!$G$17,0,MIN(MIN(MIN(MOD(A8*Calculator!$B$17/(Calculator!$D$7*150),1),1-MOD(A8*Calculator!$B$17/(Calculator!$D$7*150),1)),ABS(MOD(A8*Calculator!$B$17/(Calculator!$D$7*150),1)-0.5)),MIN(MIN(MOD(A8*Calculator!$C$17/(Calculator!$D$7*150),1),1-MOD(A8*Calculator!$C$17/(Calculator!$D$7*150),1)),ABS(MOD(A8*Calculator!$C$17/(Calculator!$D$7*150),1)-0.5)),IF(INT(2*A8*Calculator!$C$17/(Calculator!$D$7*150))>INT(2*A8*Calculator!$B$17/(Calculator!$D$7*150)),0,1))),1) -> 0.0010526316 | H8: =IF(Calculator!$E$18="YES",IF(A8<Calculator!$G$18,0,MIN(MIN(MIN(MOD(A8*Calculator!$B$18/(Calculator!$D$7*150),1),1-MOD(A8*Calculator!$B$18/(Calculator!$D$7*150),1)),ABS(MOD(A8*Calculator!$B$18/(Calculator!$D$7*150),1)-0.5)),MIN(MIN(MOD(A8*Calculator!$C$18/(Calculator!$D$7*150),1),1-MOD(A8*Calculator!$C$18/(Calculator!$D$7*150),1)),ABS(MOD(A8*Calculator!$C$18/(Calculator!$D$7*150),1)-0.5)),IF(INT(2*A8*Calculator!$C$18/(Calculator!$D$7*150))>INT(2*A8*Calculator!$B$18/(Calculator!$D$7*150)),0,1))),1) -> 1 | I8: =IF(Calculator!$E$19="YES",IF(A8<Calculator!$G$19,0,MIN(MIN(MIN(MOD(A8*Calculator!$B$19/(Calculator!$D$7*150),1),1-MOD(A8*Calculator!$B$19/(Calculator!$D$7*150),1)),ABS(MOD(A8*Calculator!$B$19/(Calculator!$D$7*150),1)-0.5)),MIN(MIN(MOD(A8*Calculator!$C$19/(Calculator!$D$7*150),1),1-MOD(A8*Calculator!$C$19/(Calculator!$D$7*150),1)),ABS(MOD(A8*Calculator!$C$19/(Calculator!$D$7*150),1)-0.5)),IF(INT(2*A8*Calculator!$C$19/(Calculator!$D$7*150))>INT(2*A8*Calculator!$B$19/(Calculator!$D$7*150)),0,1))),1) -> 1 | J8: =IF(Calculator!$E$20="YES",IF(A8<Calculator!$G$20,0,MIN(MIN(MIN(MOD(A8*Calculator!$B$20/(Calculator!$D$7*150),1),1-MOD(A8*Calculator!$B$20/(Calculator!$D$7*150),1)),ABS(MOD(A8*Calculator!$B$20/(Calculator!$D$7*150),1)-0.5)),MIN(MIN(MOD(A8*Calculator!$C$20/(Calculator!$D$7*150),1),1-MOD(A8*Calculator!$C$20/(Calculator!$D$7*150),1)),ABS(MOD(A8*Calculator!$C$20/(Calculator!$D$7*150),1)-0.5)),IF(INT(2*A8*Calculator!$C$20/(Calculator!$D$7*150))>INT(2*A8*Calculator!$B$20/(Calculator!$D$7*150)),0,1))),1) -> 1 | K8: =IF(Calculator!$E$21="YES",IF(A8<Calculator!$G$21,0,MIN(MIN(MIN(MOD(A8*Calculator!$B$21/(Calculator!$D$7*150),1),1-MOD(A8*Calculator!$B$21/(Calculator!$D$7*150),1)),ABS(MOD(A8*Calculator!$B$21/(Calculator!$D$7*150),1)-0.5)),MIN(MIN(MOD(A8*Calculator!$C$21/(Calculator!$D$7*150),1),1-MOD(A8*Calculator!$C$21/(Calculator!$D$7*150),1)),ABS(MOD(A8*Calculator!$C$21/(Calculator!$D$7*150),1)-0.5)),IF(INT(2*A8*Calculator!$C$21/(Calculator!$D$7*150))>INT(2*A8*Calculator!$B$21/(Calculator!$D$7*150)),0,1))),1) -> 1 | L8: =IF(Calculator!$E$22="YES",IF(A8<Calculator!$G$22,0,MIN(MIN(MIN(MOD(A8*Calculator!$B$22/(Calculator!$D$7*150),1),1-MOD(A8*Calculator!$B$22/(Calculator!$D$7*150),1)),ABS(MOD(A8*Calculator!$B$22/(Calculator!$D$7*150),1)-0.5)),MIN(MIN(MOD(A8*Calculator!$C$22/(Calculator!$D$7*150),1),1-MOD(A8*Calculator!$C$22/(Calculator!$D$7*150),1)),ABS(MOD(A8*Calculator!$C$22/(Calculator!$D$7*150),1)-0.5)),IF(INT(2*A8*Calculator!$C$22/(Calculator!$D$7*150))>INT(2*A8*Calculator!$B$22/(Calculator!$D$7*150)),0,1))),1) -> 1 | M8: =MIN(B8:L8) -> 0 | N8: =SUMPRODUCT(($M$7:$M$557>M8)*1)+SUMPRODUCT(($M$7:$M$557=M8)*(ROW($M$7:$M$557)<ROW(M8)))+1 -> 384 | O8: =IF(M8>=0.13,"★★★ EXCELLENT",IF(M8>=0.12,"★★ GOOD",IF(M8>=0.07,"★ FAIR",IF(M8>=0.025,"⚠ MARGINAL","✗ AVOID")))) -> ✗ AVOID
A9: 5.2 | B9: =IF(Calculator!$E$12="YES",IF(A9<Calculator!$G$12,0,MIN(MIN(MIN(MOD(A9*Calculator!$B$12/(Calculator!$D$7*150),1),1-MOD(A9*Calculator!$B$12/(Calculator!$D$7*150),1)),ABS(MOD(A9*Calculator!$B$12/(Calculator!$D$7*150),1)-0.5)),MIN(MIN(MOD(A9*Calculator!$C$12/(Calculator!$D$7*150),1),1-MOD(A9*Calculator!$C$12/(Calculator!$D$7*150),1)),ABS(MOD(A9*Calculator!$C$12/(Calculator!$D$7*150),1)-0.5)),IF(INT(2*A9*Calculator!$C$12/(Calculator!$D$7*150))>INT(2*A9*Calculator!$B$12/(Calculator!$D$7*150)),0,1))),1) -> 1 | C9: =IF(Calculator!$E$13="YES",IF(A9<Calculator!$G$13,0,MIN(MIN(MIN(MOD(A9*Calculator!$B$13/(Calculator!$D$7*150),1),1-MOD(A9*Calculator!$B$13/(Calculator!$D$7*150),1)),ABS(MOD(A9*Calculator!$B$13/(Calculator!$D$7*150),1)-0.5)),MIN(MIN(MOD(A9*Calculator!$C$13/(Calculator!$D$7*150),1),1-MOD(A9*Calculator!$C$13/(Calculator!$D$7*150),1)),ABS(MOD(A9*Calculator!$C$13/(Calculator!$D$7*150),1)-0.5)),IF(INT(2*A9*Calculator!$C$13/(Calculator!$D$7*150))>INT(2*A9*Calculator!$B$13/(Calculator!$D$7*150)),0,1))),1) -> 1 | D9: =IF(Calculator!$E$14="YES",IF(A9<Calculator!$G$14,0,MIN(MIN(MIN(MOD(A9*Calculator!$B$14/(Calculator!$D$7*150),1),1-MOD(A9*Calculator!$B$14/(Calculator!$D$7*150),1)),ABS(MOD(A9*Calculator!$B$14/(Calculator!$D$7*150),1)-0.5)),MIN(MIN(MOD(A9*Calculator!$C$14/(Calculator!$D$7*150),1),1-MOD(A9*Calculator!$C$14/(Calculator!$D$7*150),1)),ABS(MOD(A9*Calculator!$C$14/(Calculator!$D$7*150),1)-0.5)),IF(INT(2*A9*Calculator!$C$14/(Calculator!$D$7*150))>INT(2*A9*Calculator!$B$14/(Calculator!$D$7*150)),0,1))),1) -> 1 | E9: =IF(Calculator!$E$15="YES",IF(A9<Calculator!$G$15,0,MIN(MIN(MIN(MOD(A9*Calculator!$B$15/(Calculator!$D$7*150),1),1-MOD(A9*Calculator!$B$15/(Calculator!$D$7*150),1)),ABS(MOD(A9*Calculator!$B$15/(Calculator!$D$7*150),1)-0.5)),MIN(MIN(MOD(A9*Calculator!$C$15/(Calculator!$D$7*150),1),1-MOD(A9*Calculator!$C$15/(Calculator!$D$7*150),1)),ABS(MOD(A9*Calculator!$C$15/(Calculator!$D$7*150),1)-0.5)),IF(INT(2*A9*Calculator!$C$15/(Calculator!$D$7*150))>INT(2*A9*Calculator!$B$15/(Calculator!$D$7*150)),0,1))),1) -> 0 | F9: =IF(Calculator!$E$16="YES",IF(A9<Calculator!$G$16,0,MIN(MIN(MIN(MOD(A9*Calculator!$B$16/(Calculator!$D$7*150),1),1-MOD(A9*Calculator!$B$16/(Calculator!$D$7*150),1)),ABS(MOD(A9*Calculator!$B$16/(Calculator!$D$7*150),1)-0.5)),MIN(MIN(MOD(A9*Calculator!$C$16/(Calculator!$D$7*150),1),1-MOD(A9*Calculator!$C$16/(Calculator!$D$7*150),1)),ABS(MOD(A9*Calculator!$C$16/(Calculator!$D$7*150),1)-0.5)),IF(INT(2*A9*Calculator!$C$16/(Calculator!$D$7*150))>INT(2*A9*Calculator!$B$16/(Calculator!$D$7*150)),0,1))),1) -> 1 | G9: =IF(Calculator!$E$17="YES",IF(A9<Calculator!$G$17,0,MIN(MIN(MIN(MOD(A9*Calculator!$B$17/(Calculator!$D$7*150),1),1-MOD(A9*Calculator!$B$17/(Calculator!$D$7*150),1)),ABS(MOD(A9*Calculator!$B$17/(Calculator!$D$7*150),1)-0.5)),MIN(MIN(MOD(A9*Calculator!$C$17/(Calculator!$D$7*150),1),1-MOD(A9*Calculator!$C$17/(Calculator!$D$7*150),1)),ABS(MOD(A9*Calculator!$C$17/(Calculator!$D$7*150),1)-0.5)),IF(INT(2*A9*Calculator!$C$17/(Calculator!$D$7*150))>INT(2*A9*Calculator!$B$17/(Calculator!$D$7*150)),0,1))),1) -> 0.010877193 | H9: =IF(Calculator!$E$18="YES",IF(A9<Calculator!$G$18,0,MIN(MIN(MIN(MOD(A9*Calculator!$B$18/(Calculator!$D$7*150),1),1-MOD(A9*Calculator!$B$18/(Calculator!$D$7*150),1)),ABS(MOD(A9*Calculator!$B$18/(Calculator!$D$7*150),1)-0.5)),MIN(MIN(MOD(A9*Calculator!$C$18/(Calculator!$D$7*150),1),1-MOD(A9*Calculator!$C$18/(Calculator!$D$7*150),1)),ABS(MOD(A9*Calculator!$C$18/(Calculator!$D$7*150),1)-0.5)),IF(INT(2*A9*Calculator!$C$18/(Calculator!$D$7*150))>INT(2*A9*Calculator!$B$18/(Calculator!$D$7*150)),0,1))),1) -> 1 | I9: =IF(Calculator!$E$19="YES",IF(A9<Calculator!$G$19,0,MIN(MIN(MIN(MOD(A9*Calculator!$B$19/(Calculator!$D$7*150),1),1-MOD(A9*Calculator!$B$19/(Calculator!$D$7*150),1)),ABS(MOD(A9*Calculator!$B$19/(Calculator!$D$7*150),1)-0.5)),MIN(MIN(MOD(A9*Calculator!$C$19/(Calculator!$D$7*150),1),1-MOD(A9*Calculator!$C$19/(Calculator!$D$7*150),1)),ABS(MOD(A9*Calculator!$C$19/(Calculator!$D$7*150),1)-0.5)),IF(INT(2*A9*Calculator!$C$19/(Calculator!$D$7*150))>INT(2*A9*Calculator!$B$19/(Calculator!$D$7*150)),0,1))),1) -> 1 | J9: =IF(Calculator!$E$20="YES",IF(A9<Calculator!$G$20,0,MIN(MIN(MIN(MOD(A9*Calculator!$B$20/(Calculator!$D$7*150),1),1-MOD(A9*Calculator!$B$20/(Calculator!$D$7*150),1)),ABS(MOD(A9*Calculator!$B$20/(Calculator!$D$7*150),1)-0.5)),MIN(MIN(MOD(A9*Calculator!$C$20/(Calculator!$D$7*150),1),1-MOD(A9*Calculator!$C$20/(Calculator!$D$7*150),1)),ABS(MOD(A9*Calculator!$C$20/(Calculator!$D$7*150),1)-0.5)),IF(INT(2*A9*Calculator!$C$20/(Calculator!$D$7*150))>INT(2*A9*Calculator!$B$20/(Calculator!$D$7*150)),0,1))),1) -> 1 | K9: =IF(Calculator!$E$21="YES",IF(A9<Calculator!$G$21,0,MIN(MIN(MIN(MOD(A9*Calculator!$B$21/(Calculator!$D$7*150),1),1-MOD(A9*Calculator!$B$21/(Calculator!$D$7*150),1)),ABS(MOD(A9*Calculator!$B$21/(Calculator!$D$7*150),1)-0.5)),MIN(MIN(MOD(A9*Calculator!$C$21/(Calculator!$D$7*150),1),1-MOD(A9*Calculator!$C$21/(Calculator!$D$7*150),1)),ABS(MOD(A9*Calculator!$C$21/(Calculator!$D$7*150),1)-0.5)),IF(INT(2*A9*Calculator!$C$21/(Calculator!$D$7*150))>INT(2*A9*Calculator!$B$21/(Calculator!$D$7*150)),0,1))),1) -> 1 | L9: =IF(Calculator!$E$22="YES",IF(A9<Calculator!$G$22,0,MIN(MIN(MIN(MOD(A9*Calculator!$B$22/(Calculator!$D$7*150),1),1-MOD(A9*Calculator!$B$22/(Calculator!$D$7*150),1)),ABS(MOD(A9*Calculator!$B$22/(Calculator!$D$7*150),1)-0.5)),MIN(MIN(MOD(A9*Calculator!$C$22/(Calculator!$D$7*150),1),1-MOD(A9*Calculator!$C$22/(Calculator!$D$7*150),1)),ABS(MOD(A9*Calculator!$C$22/(Calculator!$D$7*150),1)-0.5)),IF(INT(2*A9*Calculator!$C$22/(Calculator!$D$7*150))>INT(2*A9*Calculator!$B$22/(Calculator!$D$7*150)),0,1))),1) -> 1 | M9: =MIN(B9:L9) -> 0 | N9: =SUMPRODUCT(($M$7:$M$557>M9)*1)+SUMPRODUCT(($M$7:$M$557=M9)*(ROW($M$7:$M$557)<ROW(M9)))+1 -> 385 | O9: =IF(M9>=0.13,"★★★ EXCELLENT",IF(M9>=0.12,"★★ GOOD",IF(M9>=0.07,"★ FAIR",IF(M9>=0.025,"⚠ MARGINAL","✗ AVOID")))) -> ✗ AVOID
A10: 5.3 | B10: =IF(Calculator!$E$12="YES",IF(A10<Calculator!$G$12,0,MIN(MIN(MIN(MOD(A10*Calculator!$B$12/(Calculator!$D$7*150),1),1-MOD(A10*Calculator!$B$12/(Calculator!$D$7*150),1)),ABS(MOD(A10*Calculator!$B$12/(Calculator!$D$7*150),1)-0.5)),MIN(MIN(MOD(A10*Calculator!$C$12/(Calculator!$D$7*150),1),1-MOD(A10*Calculator!$C$12/(Calculator!$D$7*150),1)),ABS(MOD(A10*Calculator!$C$12/(Calculator!$D$7*150),1)-0.5)),IF(INT(2*A10*Calculator!$C$12/(Calculator!$D$7*150))>INT(2*A10*Calculator!$B$12/(Calculator!$D$7*150)),0,1))),1) -> 1 | C10: =IF(Calculator!$E$13="YES",IF(A10<Calculator!$G$13,0,MIN(MIN(MIN(MOD(A10*Calculator!$B$13/(Calculator!$D$7*150),1),1-MOD(A10*Calculator!$B$13/(Calculator!$D$7*150),1)),ABS(MOD(A10*Calculator!$B$13/(Calculator!$D$7*150),1)-0.5)),MIN(MIN(MOD(A10*Calculator!$C$13/(Calculator!$D$7*150),1),1-MOD(A10*Calculator!$C$13/(Calculator!$D$7*150),1)),ABS(MOD(A10*Calculator!$C$13/(Calculator!$D$7*150),1)-0.5)),IF(INT(2*A10*Calculator!$C$13/(Calculator!$D$7*150))>INT(2*A10*Calculator!$B$13/(Calculator!$D$7*150)),0,1))),1) -> 1 | D10: =IF(Calculator!$E$14="YES",IF(A10<Calculator!$G$14,0,MIN(MIN(MIN(MOD(A10*Calculator!$B$14/(Calculator!$D$7*150),1),1-MOD(A10*Calculator!$B$14/(Calculator!$D$7*150),1)),ABS(MOD(A10*Calculator!$B$14/(Calculator!$D$7*150),1)-0.5)),MIN(MIN(MOD(A10*Calculator!$C$14/(Calculator!$D$7*150),1),1-MOD(A10*Calculator!$C$14/(Calculator!$D$7*150),1)),ABS(MOD(A10*Calculator!$C$14/(Calculator!$D$7*150),1)-0.5)),IF(INT(2*A10*Calculator!$C$14/(Calculator!$D$7*150))>INT(2*A10*Calculator!$B$14/(Calculator!$D$7*150)),0,1))),1) -> 1 | E10: =IF(Calculator!$E$15="YES",IF(A10<Calculator!$G$15,0,MIN(MIN(MIN(MOD(A10*Calculator!$B$15/(Calculator!$D$7*150),1),1-MOD(A10*Calculator!$B$15/(Calculator!$D$7*150),1)),ABS(MOD(A10*Calculator!$B$15/(Calculator!$D$7*150),1)-0.5)),MIN(MIN(MOD(A10*Calculator!$C$15/(Calculator!$D$7*150),1),1-MOD(A10*Calculator!$C$15/(Calculator!$D$7*150),1)),ABS(MOD(A10*Calculator!$C$15/(Calculator!$D$7*150),1)-0.5)),IF(INT(2*A10*Calculator!$C$15/(Calculator!$D$7*150))>INT(2*A10*Calculator!$B$15/(Calculator!$D$7*150)),0,1))),1) -> 0 | F10: =IF(Calculator!$E$16="YES",IF(A10<Calculator!$G$16,0,MIN(MIN(MIN(MOD(A10*Calculator!$B$16/(Calculator!$D$7*150),1),1-MOD(A10*Calculator!$B$16/(Calculator!$D$7*150),1)),ABS(MOD(A10*Calculator!$B$16/(Calculator!$D$7*150),1)-0.5)),MIN(MIN(MOD(A10*Calculator!$C$16/(Calculator!$D$7*150),1),1-MOD(A10*Calculator!$C$16/(Calculator!$D$7*150),1)),ABS(MOD(A10*Calculator!$C$16/(Calculator!$D$7*150),1)-0.5)),IF(INT(2*A10*Calculator!$C$16/(Calculator!$D$7*150))>INT(2*A10*Calculator!$B$16/(Calculator!$D$7*150)),0,1))),1) -> 1 | G10: =IF(Calculator!$E$17="YES",IF(A10<Calculator!$G$17,0,MIN(MIN(MIN(MOD(A10*Calculator!$B$17/(Calculator!$D$7*150),1),1-MOD(A10*Calculator!$B$17/(Calculator!$D$7*150),1)),ABS(MOD(A10*Calculator!$B$17/(Calculator!$D$7*150),1)-0.5)),MIN(MIN(MOD(A10*Calculator!$C$17/(Calculator!$D$7*150),1),1-MOD(A10*Calculator!$C$17/(Calculator!$D$7*150),1)),ABS(MOD(A10*Calculator!$C$17/(Calculator!$D$7*150),1)-0.5)),IF(INT(2*A10*Calculator!$C$17/(Calculator!$D$7*150))>INT(2*A10*Calculator!$B$17/(Calculator!$D$7*150)),0,1))),1) -> 0.020701754 | H10: =IF(Calculator!$E$18="YES",IF(A10<Calculator!$G$18,0,MIN(MIN(MIN(MOD(A10*Calculator!$B$18/(Calculator!$D$7*150),1),1-MOD(A10*Calculator!$B$18/(Calculator!$D$7*150),1)),ABS(MOD(A10*Calculator!$B$18/(Calculator!$D$7*150),1)-0.5)),MIN(MIN(MOD(A10*Calculator!$C$18/(Calculator!$D$7*150),1),1-MOD(A10*Calculator!$C$18/(Calculator!$D$7*150),1)),ABS(MOD(A10*Calculator!$C$18/(Calculator!$D$7*150),1)-0.5)),IF(INT(2*A10*Calculator!$C$18/(Calculator!$D$7*150))>INT(2*A10*Calculator!$B$18/(Calculator!$D$7*150)),0,1))),1) -> 1 | I10: =IF(Calculator!$E$19="YES",IF(A10<Calculator!$G$19,0,MIN(MIN(MIN(MOD(A10*Calculator!$B$19/(Calculator!$D$7*150),1),1-MOD(A10*Calculator!$B$19/(Calculator!$D$7*150),1)),ABS(MOD(A10*Calculator!$B$19/(Calculator!$D$7*150),1)-0.5)),MIN(MIN(MOD(A10*Calculator!$C$19/(Calculator!$D$7*150),1),1-MOD(A10*Calculator!$C$19/(Calculator!$D$7*150),1)),ABS(MOD(A10*Calculator!$C$19/(Calculator!$D$7*150),1)-0.5)),IF(INT(2*A10*Calculator!$C$19/(Calculator!$D$7*150))>INT(2*A10*Calculator!$B$19/(Calculator!$D$7*150)),0,1))),1) -> 1 | J10: =IF(Calculator!$E$20="YES",IF(A10<Calculator!$G$20,0,MIN(MIN(MIN(MOD(A10*Calculator!$B$20/(Calculator!$D$7*150),1),1-MOD(A10*Calculator!$B$20/(Calculator!$D$7*150),1)),ABS(MOD(A10*Calculator!$B$20/(Calculator!$D$7*150),1)-0.5)),MIN(MIN(MOD(A10*Calculator!$C$20/(Calculator!$D$7*150),1),1-MOD(A10*Calculator!$C$20/(Calculator!$D$7*150),1)),ABS(MOD(A10*Calculator!$C$20/(Calculator!$D$7*150),1)-0.5)),IF(INT(2*A10*Calculator!$C$20/(Calculator!$D$7*150))>INT(2*A10*Calculator!$B$20/(Calculator!$D$7*150)),0,1))),1) -> 1 | K10: =IF(Calculator!$E$21="YES",IF(A10<Calculator!$G$21,0,MIN(MIN(MIN(MOD(A10*Calculator!$B$21/(Calculator!$D$7*150),1),1-MOD(A10*Calculator!$B$21/(Calculator!$D$7*150),1)),ABS(MOD(A10*Calculator!$B$21/(Calculator!$D$7*150),1)-0.5)),MIN(MIN(MOD(A10*Calculator!$C$21/(Calculator!$D$7*150),1),1-MOD(A10*Calculator!$C$21/(Calculator!$D$7*150),1)),ABS(MOD(A10*Calculator!$C$21/(Calculator!$D$7*150),1)-0.5)),IF(INT(2*A10*Calculator!$C$21/(Calculator!$D$7*150))>INT(2*A10*Calculator!$B$21/(Calculator!$D$7*150)),0,1))),1) -> 1 | L10: =IF(Calculator!$E$22="YES",IF(A10<Calculator!$G$22,0,MIN(MIN(MIN(MOD(A10*Calculator!$B$22/(Calculator!$D$7*150),1),1-MOD(A10*Calculator!$B$22/(Calculator!$D$7*150),1)),ABS(MOD(A10*Calculator!$B$22/(Calculator!$D$7*150),1)-0.5)),MIN(MIN(MOD(A10*Calculator!$C$22/(Calculator!$D$7*150),1),1-MOD(A10*Calculator!$C$22/(Calculator!$D$7*150),1)),ABS(MOD(A10*Calculator!$C$22/(Calculator!$D$7*150),1)-0.5)),IF(INT(2*A10*Calculator!$C$22/(Calculator!$D$7*150))>INT(2*A10*Calculator!$B$22/(Calculator!$D$7*150)),0,1))),1) -> 1 | M10: =MIN(B10:L10) -> 0 | N10: =SUMPRODUCT(($M$7:$M$557>M10)*1)+SUMPRODUCT(($M$7:$M$557=M10)*(ROW($M$7:$M$557)<ROW(M10)))+1 -> 386 | O10: =IF(M10>=0.13,"★★★ EXCELLENT",IF(M10>=0.12,"★★ GOOD",IF(M10>=0.07,"★ FAIR",IF(M10>=0.025,"⚠ MARGINAL","✗ AVOID")))) -> ✗ AVOID
A11: 5.4 | B11: =IF(Calculator!$E$12="YES",IF(A11<Calculator!$G$12,0,MIN(MIN(MIN(MOD(A11*Calculator!$B$12/(Calculator!$D$7*150),1),1-MOD(A11*Calculator!$B$12/(Calculator!$D$7*150),1)),ABS(MOD(A11*Calculator!$B$12/(Calculator!$D$7*150),1)-0.5)),MIN(MIN(MOD(A11*Calculator!$C$12/(Calculator!$D$7*150),1),1-MOD(A11*Calculator!$C$12/(Calculator!$D$7*150),1)),ABS(MOD(A11*Calculator!$C$12/(Calculator!$D$7*150),1)-0.5)),IF(INT(2*A11*Calculator!$C$12/(Calculator!$D$7*150))>INT(2*A11*Calculator!$B$12/(Calculator!$D$7*150)),0,1))),1) -> 1 | C11: =IF(Calculator!$E$13="YES",IF(A11<Calculator!$G$13,0,MIN(MIN(MIN(MOD(A11*Calculator!$B$13/(Calculator!$D$7*150),1),1-MOD(A11*Calculator!$B$13/(Calculator!$D$7*150),1)),ABS(MOD(A11*Calculator!$B$13/(Calculator!$D$7*150),1)-0.5)),MIN(MIN(MOD(A11*Calculator!$C$13/(Calculator!$D$7*150),1),1-MOD(A11*Calculator!$C$13/(Calculator!$D$7*150),1)),ABS(MOD(A11*Calculator!$C$13/(Calculator!$D$7*150),1)-0.5)),IF(INT(2*A11*Calculator!$C$13/(Calculator!$D$7*150))>INT(2*A11*Calculator!$B$13/(Calculator!$D$7*150)),0,1))),1) -> 1 | D11: =IF(Calculator!$E$14="YES",IF(A11<Calculator!$G$14,0,MIN(MIN(MIN(MOD(A11*Calculator!$B$14/(Calculator!$D$7*150),1),1-MOD(A11*Calculator!$B$14/(Calculator!$D$7*150),1)),ABS(MOD(A11*Calculator!$B$14/(Calculator!$D$7*150),1)-0.5)),MIN(MIN(MOD(A11*Calculator!$C$14/(Calculator!$D$7*150),1),1-MOD(A11*Calculator!$C$14/(Calculator!$D$7*150),1)),ABS(MOD(A11*Calculator!$C$14/(Calculator!$D$7*150),1)-0.5)),IF(INT(2*A11*Calculator!$C$14/(Calculator!$D$7*150))>INT(2*A11*Calculator!$B$14/(Calculator!$D$7*150)),0,1))),1) -> 1 | E11: =IF(Calculator!$E$15="YES",IF(A11<Calculator!$G$15,0,MIN(MIN(MIN(MOD(A11*Calculator!$B$15/(Calculator!$D$7*150),1),1-MOD(A11*Calculator!$B$15/(Calculator!$D$7*150),1)),ABS(MOD(A11*Calculator!$B$15/(Calculator!$D$7*150),1)-0.5)),MIN(MIN(MOD(A11*Calculator!$C$15/(Calculator!$D$7*150),1),1-MOD(A11*Calculator!$C$15/(Calculator!$D$7*150),1)),ABS(MOD(A11*Calculator!$C$15/(Calculator!$D$7*150),1)-0.5)),IF(INT(2*A11*Calculator!$C$15/(Calculator!$D$7*150))>INT(2*A11*Calculator!$B$15/(Calculator!$D$7*150)),0,1))),1) -> 0 | F11: =IF(Calculator!$E$16="YES",IF(A11<Calculator!$G$16,0,MIN(MIN(MIN(MOD(A11*Calculator!$B$16/(Calculator!$D$7*150),1),1-MOD(A11*Calculator!$B$16/(Calculator!$D$7*150),1)),ABS(MOD(A11*Calculator!$B$16/(Calculator!$D$7*150),1)-0.5)),MIN(MIN(MOD(A11*Calculator!$C$16/(Calculator!$D$7*150),1),1-MOD(A11*Calculator!$C$16/(Calculator!$D$7*150),1)),ABS(MOD(A11*Calculator!$C$16/(Calculator!$D$7*150),1)-0.5)),IF(INT(2*A11*Calculator!$C$16/(Calculator!$D$7*150))>INT(2*A11*Calculator!$B$16/(Calculator!$D$7*150)),0,1))),1) -> 1 | G11: =IF(Calculator!$E$17="YES",IF(A11<Calculator!$G$17,0,MIN(MIN(MIN(MOD(A11*Calculator!$B$17/(Calculator!$D$7*150),1),1-MOD(A11*Calculator!$B$17/(Calculator!$D$7*150),1)),ABS(MOD(A11*Calculator!$B$17/(Calculator!$D$7*150),1)-0.5)),MIN(MIN(MOD(A11*Calculator!$C$17/(Calculator!$D$7*150),1),1-MOD(A11*Calculator!$C$17/(Calculator!$D$7*150),1)),ABS(MOD(A11*Calculator!$C$17/(Calculator!$D$7*150),1)-0.5)),IF(INT(2*A11*Calculator!$C$17/(Calculator!$D$7*150))>INT(2*A11*Calculator!$B$17/(Calculator!$D$7*150)),0,1))),1) -> 0.030526316 | H11: =IF(Calculator!$E$18="YES",IF(A11<Calculator!$G$18,0,MIN(MIN(MIN(MOD(A11*Calculator!$B$18/(Calculator!$D$7*150),1),1-MOD(A11*Calculator!$B$18/(Calculator!$D$7*150),1)),ABS(MOD(A11*Calculator!$B$18/(Calculator!$D$7*150),1)-0.5)),MIN(MIN(MOD(A11*Calculator!$C$18/(Calculator!$D$7*150),1),1-MOD(A11*Calculator!$C$18/(Calculator!$D$7*150),1)),ABS(MOD(A11*Calculator!$C$18/(Calculator!$D$7*150),1)-0.5)),IF(INT(2*A11*Calculator!$C$18/(Calculator!$D$7*150))>INT(2*A11*Calculator!$B$18/(Calculator!$D$7*150)),0,1))),1) -> 1 | I11: =IF(Calculator!$E$19="YES",IF(A11<Calculator!$G$19,0,MIN(MIN(MIN(MOD(A11*Calculator!$B$19/(Calculator!$D$7*150),1),1-MOD(A11*Calculator!$B$19/(Calculator!$D$7*150),1)),ABS(MOD(A11*Calculator!$B$19/(Calculator!$D$7*150),1)-0.5)),MIN(MIN(MOD(A11*Calculator!$C$19/(Calculator!$D$7*150),1),1-MOD(A11*Calculator!$C$19/(Calculator!$D$7*150),1)),ABS(MOD(A11*Calculator!$C$19/(Calculator!$D$7*150),1)-0.5)),IF(INT(2*A11*Calculator!$C$19/(Calculator!$D$7*150))>INT(2*A11*Calculator!$B$19/(Calculator!$D$7*150)),0,1))),1) -> 1 | J11: =IF(Calculator!$E$20="YES",IF(A11<Calculator!$G$20,0,MIN(MIN(MIN(MOD(A11*Calculator!$B$20/(Calculator!$D$7*150),1),1-MOD(A11*Calculator!$B$20/(Calculator!$D$7*150),1)),ABS(MOD(A11*Calculator!$B$20/(Calculator!$D$7*150),1)-0.5)),MIN(MIN(MOD(A11*Calculator!$C$20/(Calculator!$D$7*150),1),1-MOD(A11*Calculator!$C$20/(Calculator!$D$7*150),1)),ABS(MOD(A11*Calculator!$C$20/(Calculator!$D$7*150),1)-0.5)),IF(INT(2*A11*Calculator!$C$20/(Calculator!$D$7*150))>INT(2*A11*Calculator!$B$20/(Calculator!$D$7*150)),0,1))),1) -> 1 | K11: =IF(Calculator!$E$21="YES",IF(A11<Calculator!$G$21,0,MIN(MIN(MIN(MOD(A11*Calculator!$B$21/(Calculator!$D$7*150),1),1-MOD(A11*Calculator!$B$21/(Calculator!$D$7*150),1)),ABS(MOD(A11*Calculator!$B$21/(Calculator!$D$7*150),1)-0.5)),MIN(MIN(MOD(A11*Calculator!$C$21/(Calculator!$D$7*150),1),1-MOD(A11*Calculator!$C$21/(Calculator!$D$7*150),1)),ABS(MOD(A11*Calculator!$C$21/(Calculator!$D$7*150),1)-0.5)),IF(INT(2*A11*Calculator!$C$21/(Calculator!$D$7*150))>INT(2*A11*Calculator!$B$21/(Calculator!$D$7*150)),0,1))),1) -> 1 | L11: =IF(Calculator!$E$22="YES",IF(A11<Calculator!$G$22,0,MIN(MIN(MIN(MOD(A11*Calculator!$B$22/(Calculator!$D$7*150),1),1-MOD(A11*Calculator!$B$22/(Calculator!$D$7*150),1)),ABS(MOD(A11*Calculator!$B$22/(Calculator!$D$7*150),1)-0.5)),MIN(MIN(MOD(A11*Calculator!$C$22/(Calculator!$D$7*150),1),1-MOD(A11*Calculator!$C$22/(Calculator!$D$7*150),1)),ABS(MOD(A11*Calculator!$C$22/(Calculator!$D$7*150),1)-0.5)),IF(INT(2*A11*Calculator!$C$22/(Calculator!$D$7*150))>INT(2*A11*Calculator!$B$22/(Calculator!$D$7*150)),0,1))),1) -> 1 | M11: =MIN(B11:L11) -> 0 | N11: =SUMPRODUCT(($M$7:$M$557>M11)*1)+SUMPRODUCT(($M$7:$M$557=M11)*(ROW($M$7:$M$557)<ROW(M11)))+1 -> 387 | O11: =IF(M11>=0.13,"★★★ EXCELLENT",IF(M11>=0.12,"★★ GOOD",IF(M11>=0.07,"★ FAIR",IF(M11>=0.025,"⚠ MARGINAL","✗ AVOID")))) -> ✗ AVOID
A12: 5.5 | B12: =IF(Calculator!$E$12="YES",IF(A12<Calculator!$G$12,0,MIN(MIN(MIN(MOD(A12*Calculator!$B$12/(Calculator!$D$7*150),1),1-MOD(A12*Calculator!$B$12/(Calculator!$D$7*150),1)),ABS(MOD(A12*Calculator!$B$12/(Calculator!$D$7*150),1)-0.5)),MIN(MIN(MOD(A12*Calculator!$C$12/(Calculator!$D$7*150),1),1-MOD(A12*Calculator!$C$12/(Calculator!$D$7*150),1)),ABS(MOD(A12*Calculator!$C$12/(Calculator!$D$7*150),1)-0.5)),IF(INT(2*A12*Calculator!$C$12/(Calculator!$D$7*150))>INT(2*A12*Calculator!$B$12/(Calculator!$D$7*150)),0,1))),1) -> 1 | C12: =IF(Calculator!$E$13="YES",IF(A12<Calculator!$G$13,0,MIN(MIN(MIN(MOD(A12*Calculator!$B$13/(Calculator!$D$7*150),1),1-MOD(A12*Calculator!$B$13/(Calculator!$D$7*150),1)),ABS(MOD(A12*Calculator!$B$13/(Calculator!$D$7*150),1)-0.5)),MIN(MIN(MOD(A12*Calculator!$C$13/(Calculator!$D$7*150),1),1-MOD(A12*Calculator!$C$13/(Calculator!$D$7*150),1)),ABS(MOD(A12*Calculator!$C$13/(Calculator!$D$7*150),1)-0.5)),IF(INT(2*A12*Calculator!$C$13/(Calculator!$D$7*150))>INT(2*A12*Calculator!$B$13/(Calculator!$D$7*150)),0,1))),1) -> 1 | D12: =IF(Calculator!$E$14="YES",IF(A12<Calculator!$G$14,0,MIN(MIN(MIN(MOD(A12*Calculator!$B$14/(Calculator!$D$7*150),1),1-MOD(A12*Calculator!$B$14/(Calculator!$D$7*150),1)),ABS(MOD(A12*Calculator!$B$14/(Calculator!$D$7*150),1)-0.5)),MIN(MIN(MOD(A12*Calculator!$C$14/(Calculator!$D$7*150),1),1-MOD(A12*Calculator!$C$14/(Calculator!$D$7*150),1)),ABS(MOD(A12*Calculator!$C$14/(Calculator!$D$7*150),1)-0.5)),IF(INT(2*A12*Calculator!$C$14/(Calculator!$D$7*150))>INT(2*A12*Calculator!$B$14/(Calculator!$D$7*150)),0,1))),1) -> 1 | E12: =IF(Calculator!$E$15="YES",IF(A12<Calculator!$G$15,0,MIN(MIN(MIN(MOD(A12*Calculator!$B$15/(Calculator!$D$7*150),1),1-MOD(A12*Calculator!$B$15/(Calculator!$D$7*150),1)),ABS(MOD(A12*Calculator!$B$15/(Calculator!$D$7*150),1)-0.5)),MIN(MIN(MOD(A12*Calculator!$C$15/(Calculator!$D$7*150),1),1-MOD(A12*Calculator!$C$15/(Calculator!$D$7*150),1)),ABS(MOD(A12*Calculator!$C$15/(Calculator!$D$7*150),1)-0.5)),IF(INT(2*A12*Calculator!$C$15/(Calculator!$D$7*150))>INT(2*A12*Calculator!$B$15/(Calculator!$D$7*150)),0,1))),1) -> 0 | F12: =IF(Calculator!$E$16="YES",IF(A12<Calculator!$G$16,0,MIN(MIN(MIN(MOD(A12*Calculator!$B$16/(Calculator!$D$7*150),1),1-MOD(A12*Calculator!$B$16/(Calculator!$D$7*150),1)),ABS(MOD(A12*Calculator!$B$16/(Calculator!$D$7*150),1)-0.5)),MIN(MIN(MOD(A12*Calculator!$C$16/(Calculator!$D$7*150),1),1-MOD(A12*Calculator!$C$16/(Calculator!$D$7*150),1)),ABS(MOD(A12*Calculator!$C$16/(Calculator!$D$7*150),1)-0.5)),IF(INT(2*A12*Calculator!$C$16/(Calculator!$D$7*150))>INT(2*A12*Calculator!$B$16/(Calculator!$D$7*150)),0,1))),1) -> 1 | G12: =IF(Calculator!$E$17="YES",IF(A12<Calculator!$G$17,0,MIN(MIN(MIN(MOD(A12*Calculator!$B$17/(Calculator!$D$7*150),1),1-MOD(A12*Calculator!$B$17/(Calculator!$D$7*150),1)),ABS(MOD(A12*Calculator!$B$17/(Calculator!$D$7*150),1)-0.5)),MIN(MIN(MOD(A12*Calculator!$C$17/(Calculator!$D$7*150),1),1-MOD(A12*Calculator!$C$17/(Calculator!$D$7*150),1)),ABS(MOD(A12*Calculator!$C$17/(Calculator!$D$7*150),1)-0.5)),IF(INT(2*A12*Calculator!$C$17/(Calculator!$D$7*150))>INT(2*A12*Calculator!$B$17/(Calculator!$D$7*150)),0,1))),1) -> 0.040350877 | H12: =IF(Calculator!$E$18="YES",IF(A12<Calculator!$G$18,0,MIN(MIN(MIN(MOD(A12*Calculator!$B$18/(Calculator!$D$7*150),1),1-MOD(A12*Calculator!$B$18/(Calculator!$D$7*150),1)),ABS(MOD(A12*Calculator!$B$18/(Calculator!$D$7*150),1)-0.5)),MIN(MIN(MOD(A12*Calculator!$C$18/(Calculator!$D$7*150),1),1-MOD(A12*Calculator!$C$18/(Calculator!$D$7*150),1)),ABS(MOD(A12*Calculator!$C$18/(Calculator!$D$7*150),1)-0.5)),IF(INT(2*A12*Calculator!$C$18/(Calculator!$D$7*150))>INT(2*A12*Calculator!$B$18/(Calculator!$D$7*150)),0,1))),1) -> 1 | I12: =IF(Calculator!$E$19="YES",IF(A12<Calculator!$G$19,0,MIN(MIN(MIN(MOD(A12*Calculator!$B$19/(Calculator!$D$7*150),1),1-MOD(A12*Calculator!$B$19/(Calculator!$D$7*150),1)),ABS(MOD(A12*Calculator!$B$19/(Calculator!$D$7*150),1)-0.5)),MIN(MIN(MOD(A12*Calculator!$C$19/(Calculator!$D$7*150),1),1-MOD(A12*Calculator!$C$19/(Calculator!$D$7*150),1)),ABS(MOD(A12*Calculator!$C$19/(Calculator!$D$7*150),1)-0.5)),IF(INT(2*A12*Calculator!$C$19/(Calculator!$D$7*150))>INT(2*A12*Calculator!$B$19/(Calculator!$D$7*150)),0,1))),1) -> 1 | J12: =IF(Calculator!$E$20="YES",IF(A12<Calculator!$G$20,0,MIN(MIN(MIN(MOD(A12*Calculator!$B$20/(Calculator!$D$7*150),1),1-MOD(A12*Calculator!$B$20/(Calculator!$D$7*150),1)),ABS(MOD(A12*Calculator!$B$20/(Calculator!$D$7*150),1)-0.5)),MIN(MIN(MOD(A12*Calculator!$C$20/(Calculator!$D$7*150),1),1-MOD(A12*Calculator!$C$20/(Calculator!$D$7*150),1)),ABS(MOD(A12*Calculator!$C$20/(Calculator!$D$7*150),1)-0.5)),IF(INT(2*A12*Calculator!$C$20/(Calculator!$D$7*150))>INT(2*A12*Calculator!$B$20/(Calculator!$D$7*150)),0,1))),1) -> 1 | K12: =IF(Calculator!$E$21="YES",IF(A12<Calculator!$G$21,0,MIN(MIN(MIN(MOD(A12*Calculator!$B$21/(Calculator!$D$7*150),1),1-MOD(A12*Calculator!$B$21/(Calculator!$D$7*150),1)),ABS(MOD(A12*Calculator!$B$21/(Calculator!$D$7*150),1)-0.5)),MIN(MIN(MOD(A12*Calculator!$C$21/(Calculator!$D$7*150),1),1-MOD(A12*Calculator!$C$21/(Calculator!$D$7*150),1)),ABS(MOD(A12*Calculator!$C$21/(Calculator!$D$7*150),1)-0.5)),IF(INT(2*A12*Calculator!$C$21/(Calculator!$D$7*150))>INT(2*A12*Calculator!$B$21/(Calculator!$D$7*150)),0,1))),1) -> 1 | L12: =IF(Calculator!$E$22="YES",IF(A12<Calculator!$G$22,0,MIN(MIN(MIN(MOD(A12*Calculator!$B$22/(Calculator!$D$7*150),1),1-MOD(A12*Calculator!$B$22/(Calculator!$D$7*150),1)),ABS(MOD(A12*Calculator!$B$22/(Calculator!$D$7*150),1)-0.5)),MIN(MIN(MOD(A12*Calculator!$C$22/(Calculator!$D$7*150),1),1-MOD(A12*Calculator!$C$22/(Calculator!$D$7*150),1)),ABS(MOD(A12*Calculator!$C$22/(Calculator!$D$7*150),1)-0.5)),IF(INT(2*A12*Calculator!$C$22/(Calculator!$D$7*150))>INT(2*A12*Calculator!$B$22/(Calculator!$D$7*150)),0,1))),1) -> 1 | M12: =MIN(B12:L12) -> 0 | N12: =SUMPRODUCT(($M$7:$M$557>M12)*1)+SUMPRODUCT(($M$7:$M$557=M12)*(ROW($M$7:$M$557)<ROW(M12)))+1 -> 388 | O12: =IF(M12>=0.13,"★★★ EXCELLENT",IF(M12>=0.12,"★★ GOOD",IF(M12>=0.07,"★ FAIR",IF(M12>=0.025,"⚠ MARGINAL","✗ AVOID")))) -> ✗ AVOID
A13: 5.6 | B13: =IF(Calculator!$E$12="YES",IF(A13<Calculator!$G$12,0,MIN(MIN(MIN(MOD(A13*Calculator!$B$12/(Calculator!$D$7*150),1),1-MOD(A13*Calculator!$B$12/(Calculator!$D$7*150),1)),ABS(MOD(A13*Calculator!$B$12/(Calculator!$D$7*150),1)-0.5)),MIN(MIN(MOD(A13*Calculator!$C$12/(Calculator!$D$7*150),1),1-MOD(A13*Calculator!$C$12/(Calculator!$D$7*150),1)),ABS(MOD(A13*Calculator!$C$12/(Calculator!$D$7*150),1)-0.5)),IF(INT(2*A13*Calculator!$C$12/(Calculator!$D$7*150))>INT(2*A13*Calculator!$B$12/(Calculator!$D$7*150)),0,1))),1) -> 1 | C13: =IF(Calculator!$E$13="YES",IF(A13<Calculator!$G$13,0,MIN(MIN(MIN(MOD(A13*Calculator!$B$13/(Calculator!$D$7*150),1),1-MOD(A13*Calculator!$B$13/(Calculator!$D$7*150),1)),ABS(MOD(A13*Calculator!$B$13/(Calculator!$D$7*150),1)-0.5)),MIN(MIN(MOD(A13*Calculator!$C$13/(Calculator!$D$7*150),1),1-MOD(A13*Calculator!$C$13/(Calculator!$D$7*150),1)),ABS(MOD(A13*Calculator!$C$13/(Calculator!$D$7*150),1)-0.5)),IF(INT(2*A13*Calculator!$C$13/(Calculator!$D$7*150))>INT(2*A13*Calculator!$B$13/(Calculator!$D$7*150)),0,1))),1) -> 1 | D13: =IF(Calculator!$E$14="YES",IF(A13<Calculator!$G$14,0,MIN(MIN(MIN(MOD(A13*Calculator!$B$14/(Calculator!$D$7*150),1),1-MOD(A13*Calculator!$B$14/(Calculator!$D$7*150),1)),ABS(MOD(A13*Calculator!$B$14/(Calculator!$D$7*150),1)-0.5)),MIN(MIN(MOD(A13*Calculator!$C$14/(Calculator!$D$7*150),1),1-MOD(A13*Calculator!$C$14/(Calculator!$D$7*150),1)),ABS(MOD(A13*Calculator!$C$14/(Calculator!$D$7*150),1)-0.5)),IF(INT(2*A13*Calculator!$C$14/(Calculator!$D$7*150))>INT(2*A13*Calculator!$B$14/(Calculator!$D$7*150)),0,1))),1) -> 1 | E13: =IF(Calculator!$E$15="YES",IF(A13<Calculator!$G$15,0,MIN(MIN(MIN(MOD(A13*Calculator!$B$15/(Calculator!$D$7*150),1),1-MOD(A13*Calculator!$B$15/(Calculator!$D$7*150),1)),ABS(MOD(A13*Calculator!$B$15/(Calculator!$D$7*150),1)-0.5)),MIN(MIN(MOD(A13*Calculator!$C$15/(Calculator!$D$7*150),1),1-MOD(A13*Calculator!$C$15/(Calculator!$D$7*150),1)),ABS(MOD(A13*Calculator!$C$15/(Calculator!$D$7*150),1)-0.5)),IF(INT(2*A13*Calculator!$C$15/(Calculator!$D$7*150))>INT(2*A13*Calculator!$B$15/(Calculator!$D$7*150)),0,1))),1) -> 0 | F13: =IF(Calculator!$E$16="YES",IF(A13<Calculator!$G$16,0,MIN(MIN(MIN(MOD(A13*Calculator!$B$16/(Calculator!$D$7*150),1),1-MOD(A13*Calculator!$B$16/(Calculator!$D$7*150),1)),ABS(MOD(A13*Calculator!$B$16/(Calculator!$D$7*150),1)-0.5)),MIN(MIN(MOD(A13*Calculator!$C$16/(Calculator!$D$7*150),1),1-MOD(A13*Calculator!$C$16/(Calculator!$D$7*150),1)),ABS(MOD(A13*Calculator!$C$16/(Calculator!$D$7*150),1)-0.5)),IF(INT(2*A13*Calculator!$C$16/(Calculator!$D$7*150))>INT(2*A13*Calculator!$B$16/(Calculator!$D$7*150)),0,1))),1) -> 1 | G13: =IF(Calculator!$E$17="YES",IF(A13<Calculator!$G$17,0,MIN(MIN(MIN(MOD(A13*Calculator!$B$17/(Calculator!$D$7*150),1),1-MOD(A13*Calculator!$B$17/(Calculator!$D$7*150),1)),ABS(MOD(A13*Calculator!$B$17/(Calculator!$D$7*150),1)-0.5)),MIN(MIN(MOD(A13*Calculator!$C$17/(Calculator!$D$7*150),1),1-MOD(A13*Calculator!$C$17/(Calculator!$D$7*150),1)),ABS(MOD(A13*Calculator!$C$17/(Calculator!$D$7*150),1)-0.5)),IF(INT(2*A13*Calculator!$C$17/(Calculator!$D$7*150))>INT(2*A13*Calculator!$B$17/(Calculator!$D$7*150)),0,1))),1) -> 0.050175439 | H13: =IF(Calculator!$E$18="YES",IF(A13<Calculator!$G$18,0,MIN(MIN(MIN(MOD(A13*Calculator!$B$18/(Calculator!$D$7*150),1),1-MOD(A13*Calculator!$B$18/(Calculator!$D$7*150),1)),ABS(MOD(A13*Calculator!$B$18/(Calculator!$D$7*150),1)-0.5)),MIN(MIN(MOD(A13*Calculator!$C$18/(Calculator!$D$7*150),1),1-MOD(A13*Calculator!$C$18/(Calculator!$D$7*150),1)),ABS(MOD(A13*Calculator!$C$18/(Calculator!$D$7*150),1)-0.5)),IF(INT(2*A13*Calculator!$C$18/(Calculator!$D$7*150))>INT(2*A13*Calculator!$B$18/(Calculator!$D$7*150)),0,1))),1) -> 1 | I13: =IF(Calculator!$E$19="YES",IF(A13<Calculator!$G$19,0,MIN(MIN(MIN(MOD(A13*Calculator!$B$19/(Calculator!$D$7*150),1),1-MOD(A13*Calculator!$B$19/(Calculator!$D$7*150),1)),ABS(MOD(A13*Calculator!$B$19/(Calculator!$D$7*150),1)-0.5)),MIN(MIN(MOD(A13*Calculator!$C$19/(Calculator!$D$7*150),1),1-MOD(A13*Calculator!$C$19/(Calculator!$D$7*150),1)),ABS(MOD(A13*Calculator!$C$19/(Calculator!$D$7*150),1)-0.5)),IF(INT(2*A13*Calculator!$C$19/(Calculator!$D$7*150))>INT(2*A13*Calculator!$B$19/(Calculator!$D$7*150)),0,1))),1) -> 1 | J13: =IF(Calculator!$E$20="YES",IF(A13<Calculator!$G$20,0,MIN(MIN(MIN(MOD(A13*Calculator!$B$20/(Calculator!$D$7*150),1),1-MOD(A13*Calculator!$B$20/(Calculator!$D$7*150),1)),ABS(MOD(A13*Calculator!$B$20/(Calculator!$D$7*150),1)-0.5)),MIN(MIN(MOD(A13*Calculator!$C$20/(Calculator!$D$7*150),1),1-MOD(A13*Calculator!$C$20/(Calculator!$D$7*150),1)),ABS(MOD(A13*Calculator!$C$20/(Calculator!$D$7*150),1)-0.5)),IF(INT(2*A13*Calculator!$C$20/(Calculator!$D$7*150))>INT(2*A13*Calculator!$B$20/(Calculator!$D$7*150)),0,1))),1) -> 1 | K13: =IF(Calculator!$E$21="YES",IF(A13<Calculator!$G$21,0,MIN(MIN(MIN(MOD(A13*Calculator!$B$21/(Calculator!$D$7*150),1),1-MOD(A13*Calculator!$B$21/(Calculator!$D$7*150),1)),ABS(MOD(A13*Calculator!$B$21/(Calculator!$D$7*150),1)-0.5)),MIN(MIN(MOD(A13*Calculator!$C$21/(Calculator!$D$7*150),1),1-MOD(A13*Calculator!$C$21/(Calculator!$D$7*150),1)),ABS(MOD(A13*Calculator!$C$21/(Calculator!$D$7*150),1)-0.5)),IF(INT(2*A13*Calculator!$C$21/(Calculator!$D$7*150))>INT(2*A13*Calculator!$B$21/(Calculator!$D$7*150)),0,1))),1) -> 1 | L13: =IF(Calculator!$E$22="YES",IF(A13<Calculator!$G$22,0,MIN(MIN(MIN(MOD(A13*Calculator!$B$22/(Calculator!$D$7*150),1),1-MOD(A13*Calculator!$B$22/(Calculator!$D$7*150),1)),ABS(MOD(A13*Calculator!$B$22/(Calculator!$D$7*150),1)-0.5)),MIN(MIN(MOD(A13*Calculator!$C$22/(Calculator!$D$7*150),1),1-MOD(A13*Calculator!$C$22/(Calculator!$D$7*150),1)),ABS(MOD(A13*Calculator!$C$22/(Calculator!$D$7*150),1)-0.5)),IF(INT(2*A13*Calculator!$C$22/(Calculator!$D$7*150))>INT(2*A13*Calculator!$B$22/(Calculator!$D$7*150)),0,1))),1) -> 1 | M13: =MIN(B13:L13) -> 0 | N13: =SUMPRODUCT(($M$7:$M$557>M13)*1)+SUMPRODUCT(($M$7:$M$557=M13)*(ROW($M$7:$M$557)<ROW(M13)))+1 -> 389 | O13: =IF(M13>=0.13,"★★★ EXCELLENT",IF(M13>=0.12,"★★ GOOD",IF(M13>=0.07,"★ FAIR",IF(M13>=0.025,"⚠ MARGINAL","✗ AVOID")))) -> ✗ AVOID
A14: 5.7 | B14: =IF(Calculator!$E$12="YES",IF(A14<Calculator!$G$12,0,MIN(MIN(MIN(MOD(A14*Calculator!$B$12/(Calculator!$D$7*150),1),1-MOD(A14*Calculator!$B$12/(Calculator!$D$7*150),1)),ABS(MOD(A14*Calculator!$B$12/(Calculator!$D$7*150),1)-0.5)),MIN(MIN(MOD(A14*Calculator!$C$12/(Calculator!$D$7*150),1),1-MOD(A14*Calculator!$C$12/(Calculator!$D$7*150),1)),ABS(MOD(A14*Calculator!$C$12/(Calculator!$D$7*150),1)-0.5)),IF(INT(2*A14*Calculator!$C$12/(Calculator!$D$7*150))>INT(2*A14*Calculator!$B$12/(Calculator!$D$7*150)),0,1))),1) -> 1 | C14: =IF(Calculator!$E$13="YES",IF(A14<Calculator!$G$13,0,MIN(MIN(MIN(MOD(A14*Calculator!$B$13/(Calculator!$D$7*150),1),1-MOD(A14*Calculator!$B$13/(Calculator!$D$7*150),1)),ABS(MOD(A14*Calculator!$B$13/(Calculator!$D$7*150),1)-0.5)),MIN(MIN(MOD(A14*Calculator!$C$13/(Calculator!$D$7*150),1),1-MOD(A14*Calculator!$C$13/(Calculator!$D$7*150),1)),ABS(MOD(A14*Calculator!$C$13/(Calculator!$D$7*150),1)-0.5)),IF(INT(2*A14*Calculator!$C$13/(Calculator!$D$7*150))>INT(2*A14*Calculator!$B$13/(Calculator!$D$7*150)),0,1))),1) -> 1 | D14: =IF(Calculator!$E$14="YES",IF(A14<Calculator!$G$14,0,MIN(MIN(MIN(MOD(A14*Calculator!$B$14/(Calculator!$D$7*150),1),1-MOD(A14*Calculator!$B$14/(Calculator!$D$7*150),1)),ABS(MOD(A14*Calculator!$B$14/(Calculator!$D$7*150),1)-0.5)),MIN(MIN(MOD(A14*Calculator!$C$14/(Calculator!$D$7*150),1),1-MOD(A14*Calculator!$C$14/(Calculator!$D$7*150),1)),ABS(MOD(A14*Calculator!$C$14/(Calculator!$D$7*150),1)-0.5)),IF(INT(2*A14*Calculator!$C$14/(Calculator!$D$7*150))>INT(2*A14*Calculator!$B$14/(Calculator!$D$7*150)),0,1))),1) -> 1 | E14: =IF(Calculator!$E$15="YES",IF(A14<Calculator!$G$15,0,MIN(MIN(MIN(MOD(A14*Calculator!$B$15/(Calculator!$D$7*150),1),1-MOD(A14*Calculator!$B$15/(Calculator!$D$7*150),1)),ABS(MOD(A14*Calculator!$B$15/(Calculator!$D$7*150),1)-0.5)),MIN(MIN(MOD(A14*Calculator!$C$15/(Calculator!$D$7*150),1),1-MOD(A14*Calculator!$C$15/(Calculator!$D$7*150),1)),ABS(MOD(A14*Calculator!$C$15/(Calculator!$D$7*150),1)-0.5)),IF(INT(2*A14*Calculator!$C$15/(Calculator!$D$7*150))>INT(2*A14*Calculator!$B$15/(Calculator!$D$7*150)),0,1))),1) -> 0 | F14: =IF(Calculator!$E$16="YES",IF(A14<Calculator!$G$16,0,MIN(MIN(MIN(MOD(A14*Calculator!$B$16/(Calculator!$D$7*150),1),1-MOD(A14*Calculator!$B$16/(Calculator!$D$7*150),1)),ABS(MOD(A14*Calculator!$B$16/(Calculator!$D$7*150),1)-0.5)),MIN(MIN(MOD(A14*Calculator!$C$16/(Calculator!$D$7*150),1),1-MOD(A14*Calculator!$C$16/(Calculator!$D$7*150),1)),ABS(MOD(A14*Calculator!$C$16/(Calculator!$D$7*150),1)-0.5)),IF(INT(2*A14*Calculator!$C$16/(Calculator!$D$7*150))>INT(2*A14*Calculator!$B$16/(Calculator!$D$7*150)),0,1))),1) -> 1 | G14: =IF(Calculator!$E$17="YES",IF(A14<Calculator!$G$17,0,MIN(MIN(MIN(MOD(A14*Calculator!$B$17/(Calculator!$D$7*150),1),1-MOD(A14*Calculator!$B$17/(Calculator!$D$7*150),1)),ABS(MOD(A14*Calculator!$B$17/(Calculator!$D$7*150),1)-0.5)),MIN(MIN(MOD(A14*Calculator!$C$17/(Calculator!$D$7*150),1),1-MOD(A14*Calculator!$C$17/(Calculator!$D$7*150),1)),ABS(MOD(A14*Calculator!$C$17/(Calculator!$D$7*150),1)-0.5)),IF(INT(2*A14*Calculator!$C$17/(Calculator!$D$7*150))>INT(2*A14*Calculator!$B$17/(Calculator!$D$7*150)),0,1))),1) -> 0.06 | H14: =IF(Calculator!$E$18="YES",IF(A14<Calculator!$G$18,0,MIN(MIN(MIN(MOD(A14*Calculator!$B$18/(Calculator!$D$7*150),1),1-MOD(A14*Calculator!$B$18/(Calculator!$D$7*150),1)),ABS(MOD(A14*Calculator!$B$18/(Calculator!$D$7*150),1)-0.5)),MIN(MIN(MOD(A14*Calculator!$C$18/(Calculator!$D$7*150),1),1-MOD(A14*Calculator!$C$18/(Calculator!$D$7*150),1)),ABS(MOD(A14*Calculator!$C$18/(Calculator!$D$7*150),1)-0.5)),IF(INT(2*A14*Calculator!$C$18/(Calculator!$D$7*150))>INT(2*A14*Calculator!$B$18/(Calculator!$D$7*150)),0,1))),1) -> 1 | I14: =IF(Calculator!$E$19="YES",IF(A14<Calculator!$G$19,0,MIN(MIN(MIN(MOD(A14*Calculator!$B$19/(Calculator!$D$7*150),1),1-MOD(A14*Calculator!$B$19/(Calculator!$D$7*150),1)),ABS(MOD(A14*Calculator!$B$19/(Calculator!$D$7*150),1)-0.5)),MIN(MIN(MOD(A14*Calculator!$C$19/(Calculator!$D$7*150),1),1-MOD(A14*Calculator!$C$19/(Calculator!$D$7*150),1)),ABS(MOD(A14*Calculator!$C$19/(Calculator!$D$7*150),1)-0.5)),IF(INT(2*A14*Calculator!$C$19/(Calculator!$D$7*150))>INT(2*A14*Calculator!$B$19/(Calculator!$D$7*150)),0,1))),1) -> 1 | J14: =IF(Calculator!$E$20="YES",IF(A14<Calculator!$G$20,0,MIN(MIN(MIN(MOD(A14*Calculator!$B$20/(Calculator!$D$7*150),1),1-MOD(A14*Calculator!$B$20/(Calculator!$D$7*150),1)),ABS(MOD(A14*Calculator!$B$20/(Calculator!$D$7*150),1)-0.5)),MIN(MIN(MOD(A14*Calculator!$C$20/(Calculator!$D$7*150),1),1-MOD(A14*Calculator!$C$20/(Calculator!$D$7*150),1)),ABS(MOD(A14*Calculator!$C$20/(Calculator!$D$7*150),1)-0.5)),IF(INT(2*A14*Calculator!$C$20/(Calculator!$D$7*150))>INT(2*A14*Calculator!$B$20/(Calculator!$D$7*150)),0,1))),1) -> 1 | K14: =IF(Calculator!$E$21="YES",IF(A14<Calculator!$G$21,0,MIN(MIN(MIN(MOD(A14*Calculator!$B$21/(Calculator!$D$7*150),1),1-MOD(A14*Calculator!$B$21/(Calculator!$D$7*150),1)),ABS(MOD(A14*Calculator!$B$21/(Calculator!$D$7*150),1)-0.5)),MIN(MIN(MOD(A14*Calculator!$C$21/(Calculator!$D$7*150),1),1-MOD(A14*Calculator!$C$21/(Calculator!$D$7*150),1)),ABS(MOD(A14*Calculator!$C$21/(Calculator!$D$7*150),1)-0.5)),IF(INT(2*A14*Calculator!$C$21/(Calculator!$D$7*150))>INT(2*A14*Calculator!$B$21/(Calculator!$D$7*150)),0,1))),1) -> 1 | L14: =IF(Calculator!$E$22="YES",IF(A14<Calculator!$G$22,0,MIN(MIN(MIN(MOD(A14*Calculator!$B$22/(Calculator!$D$7*150),1),1-MOD(A14*Calculator!$B$22/(Calculator!$D$7*150),1)),ABS(MOD(A14*Calculator!$B$22/(Calculator!$D$7*150),1)-0.5)),MIN(MIN(MOD(A14*Calculator!$C$22/(Calculator!$D$7*150),1),1-MOD(A14*Calculator!$C$22/(Calculator!$D$7*150),1)),ABS(MOD(A14*Calculator!$C$22/(Calculator!$D$7*150),1)-0.5)),IF(INT(2*A14*Calculator!$C$22/(Calculator!$D$7*150))>INT(2*A14*Calculator!$B$22/(Calculator!$D$7*150)),0,1))),1) -> 1 | M14: =MIN(B14:L14) -> 0 | N14: =SUMPRODUCT(($M$7:$M$557>M14)*1)+SUMPRODUCT(($M$7:$M$557=M14)*(ROW($M$7:$M$557)<ROW(M14)))+1 -> 390 | O14: =IF(M14>=0.13,"★★★ EXCELLENT",IF(M14>=0.12,"★★ GOOD",IF(M14>=0.07,"★ FAIR",IF(M14>=0.025,"⚠ MARGINAL","✗ AVOID")))) -> ✗ AVOID
A15: 5.8 | B15: =IF(Calculator!$E$12="YES",IF(A15<Calculator!$G$12,0,MIN(MIN(MIN(MOD(A15*Calculator!$B$12/(Calculator!$D$7*150),1),1-MOD(A15*Calculator!$B$12/(Calculator!$D$7*150),1)),ABS(MOD(A15*Calculator!$B$12/(Calculator!$D$7*150),1)-0.5)),MIN(MIN(MOD(A15*Calculator!$C$12/(Calculator!$D$7*150),1),1-MOD(A15*Calculator!$C$12/(Calculator!$D$7*150),1)),ABS(MOD(A15*Calculator!$C$12/(Calculator!$D$7*150),1)-0.5)),IF(INT(2*A15*Calculator!$C$12/(Calculator!$D$7*150))>INT(2*A15*Calculator!$B$12/(Calculator!$D$7*150)),0,1))),1) -> 1 | C15: =IF(Calculator!$E$13="YES",IF(A15<Calculator!$G$13,0,MIN(MIN(MIN(MOD(A15*Calculator!$B$13/(Calculator!$D$7*150),1),1-MOD(A15*Calculator!$B$13/(Calculator!$D$7*150),1)),ABS(MOD(A15*Calculator!$B$13/(Calculator!$D$7*150),1)-0.5)),MIN(MIN(MOD(A15*Calculator!$C$13/(Calculator!$D$7*150),1),1-MOD(A15*Calculator!$C$13/(Calculator!$D$7*150),1)),ABS(MOD(A15*Calculator!$C$13/(Calculator!$D$7*150),1)-0.5)),IF(INT(2*A15*Calculator!$C$13/(Calculator!$D$7*150))>INT(2*A15*Calculator!$B$13/(Calculator!$D$7*150)),0,1))),1) -> 1 | D15: =IF(Calculator!$E$14="YES",IF(A15<Calculator!$G$14,0,MIN(MIN(MIN(MOD(A15*Calculator!$B$14/(Calculator!$D$7*150),1),1-MOD(A15*Calculator!$B$14/(Calculator!$D$7*150),1)),ABS(MOD(A15*Calculator!$B$14/(Calculator!$D$7*150),1)-0.5)),MIN(MIN(MOD(A15*Calculator!$C$14/(Calculator!$D$7*150),1),1-MOD(A15*Calculator!$C$14/(Calculator!$D$7*150),1)),ABS(MOD(A15*Calculator!$C$14/(Calculator!$D$7*150),1)-0.5)),IF(INT(2*A15*Calculator!$C$14/(Calculator!$D$7*150))>INT(2*A15*Calculator!$B$14/(Calculator!$D$7*150)),0,1))),1) -> 1 | E15: =IF(Calculator!$E$15="YES",IF(A15<Calculator!$G$15,0,MIN(MIN(MIN(MOD(A15*Calculator!$B$15/(Calculator!$D$7*150),1),1-MOD(A15*Calculator!$B$15/(Calculator!$D$7*150),1)),ABS(MOD(A15*Calculator!$B$15/(Calculator!$D$7*150),1)-0.5)),MIN(MIN(MOD(A15*Calculator!$C$15/(Calculator!$D$7*150),1),1-MOD(A15*Calculator!$C$15/(Calculator!$D$7*150),1)),ABS(MOD(A15*Calculator!$C$15/(Calculator!$D$7*150),1)-0.5)),IF(INT(2*A15*Calculator!$C$15/(Calculator!$D$7*150))>INT(2*A15*Calculator!$B$15/(Calculator!$D$7*150)),0,1))),1) -> 0 | F15: =IF(Calculator!$E$16="YES",IF(A15<Calculator!$G$16,0,MIN(MIN(MIN(MOD(A15*Calculator!$B$16/(Calculator!$D$7*150),1),1-MOD(A15*Calculator!$B$16/(Calculator!$D$7*150),1)),ABS(MOD(A15*Calculator!$B$16/(Calculator!$D$7*150),1)-0.5)),MIN(MIN(MOD(A15*Calculator!$C$16/(Calculator!$D$7*150),1),1-MOD(A15*Calculator!$C$16/(Calculator!$D$7*150),1)),ABS(MOD(A15*Calculator!$C$16/(Calculator!$D$7*150),1)-0.5)),IF(INT(2*A15*Calculator!$C$16/(Calculator!$D$7*150))>INT(2*A15*Calculator!$B$16/(Calculator!$D$7*150)),0,1))),1) -> 1 | G15: =IF(Calculator!$E$17="YES",IF(A15<Calculator!$G$17,0,MIN(MIN(MIN(MOD(A15*Calculator!$B$17/(Calculator!$D$7*150),1),1-MOD(A15*Calculator!$B$17/(Calculator!$D$7*150),1)),ABS(MOD(A15*Calculator!$B$17/(Calculator!$D$7*150),1)-0.5)),MIN(MIN(MOD(A15*Calculator!$C$17/(Calculator!$D$7*150),1),1-MOD(A15*Calculator!$C$17/(Calculator!$D$7*150),1)),ABS(MOD(A15*Calculator!$C$17/(Calculator!$D$7*150),1)-0.5)),IF(INT(2*A15*Calculator!$C$17/(Calculator!$D$7*150))>INT(2*A15*Calculator!$B$17/(Calculator!$D$7*150)),0,1))),1) -> 0.069824561 | H15: =IF(Calculator!$E$18="YES",IF(A15<Calculator!$G$18,0,MIN(MIN(MIN(MOD(A15*Calculator!$B$18/(Calculator!$D$7*150),1),1-MOD(A15*Calculator!$B$18/(Calculator!$D$7*150),1)),ABS(MOD(A15*Calculator!$B$18/(Calculator!$D$7*150),1)-0.5)),MIN(MIN(MOD(A15*Calculator!$C$18/(Calculator!$D$7*150),1),1-MOD(A15*Calculator!$C$18/(Calculator!$D$7*150),1)),ABS(MOD(A15*Calculator!$C$18/(Calculator!$D$7*150),1)-0.5)),IF(INT(2*A15*Calculator!$C$18/(Calculator!$D$7*150))>INT(2*A15*Calculator!$B$18/(Calculator!$D$7*150)),0,1))),1) -> 1 | I15: =IF(Calculator!$E$19="YES",IF(A15<Calculator!$G$19,0,MIN(MIN(MIN(MOD(A15*Calculator!$B$19/(Calculator!$D$7*150),1),1-MOD(A15*Calculator!$B$19/(Calculator!$D$7*150),1)),ABS(MOD(A15*Calculator!$B$19/(Calculator!$D$7*150),1)-0.5)),MIN(MIN(MOD(A15*Calculator!$C$19/(Calculator!$D$7*150),1),1-MOD(A15*Calculator!$C$19/(Calculator!$D$7*150),1)),ABS(MOD(A15*Calculator!$C$19/(Calculator!$D$7*150),1)-0.5)),IF(INT(2*A15*Calculator!$C$19/(Calculator!$D$7*150))>INT(2*A15*Calculator!$B$19/(Calculator!$D$7*150)),0,1))),1) -> 1 | J15: =IF(Calculator!$E$20="YES",IF(A15<Calculator!$G$20,0,MIN(MIN(MIN(MOD(A15*Calculator!$B$20/(Calculator!$D$7*150),1),1-MOD(A15*Calculator!$B$20/(Calculator!$D$7*150),1)),ABS(MOD(A15*Calculator!$B$20/(Calculator!$D$7*150),1)-0.5)),MIN(MIN(MOD(A15*Calculator!$C$20/(Calculator!$D$7*150),1),1-MOD(A15*Calculator!$C$20/(Calculator!$D$7*150),1)),ABS(MOD(A15*Calculator!$C$20/(Calculator!$D$7*150),1)-0.5)),IF(INT(2*A15*Calculator!$C$20/(Calculator!$D$7*150))>INT(2*A15*Calculator!$B$20/(Calculator!$D$7*150)),0,1))),1) -> 1 | K15: =IF(Calculator!$E$21="YES",IF(A15<Calculator!$G$21,0,MIN(MIN(MIN(MOD(A15*Calculator!$B$21/(Calculator!$D$7*150),1),1-MOD(A15*Calculator!$B$21/(Calculator!$D$7*150),1)),ABS(MOD(A15*Calculator!$B$21/(Calculator!$D$7*150),1)-0.5)),MIN(MIN(MOD(A15*Calculator!$C$21/(Calculator!$D$7*150),1),1-MOD(A15*Calculator!$C$21/(Calculator!$D$7*150),1)),ABS(MOD(A15*Calculator!$C$21/(Calculator!$D$7*150),1)-0.5)),IF(INT(2*A15*Calculator!$C$21/(Calculator!$D$7*150))>INT(2*A15*Calculator!$B$21/(Calculator!$D$7*150)),0,1))),1) -> 1 | L15: =IF(Calculator!$E$22="YES",IF(A15<Calculator!$G$22,0,MIN(MIN(MIN(MOD(A15*Calculator!$B$22/(Calculator!$D$7*150),1),1-MOD(A15*Calculator!$B$22/(Calculator!$D$7*150),1)),ABS(MOD(A15*Calculator!$B$22/(Calculator!$D$7*150),1)-0.5)),MIN(MIN(MOD(A15*Calculator!$C$22/(Calculator!$D$7*150),1),1-MOD(A15*Calculator!$C$22/(Calculator!$D$7*150),1)),ABS(MOD(A15*Calculator!$C$22/(Calculator!$D$7*150),1)-0.5)),IF(INT(2*A15*Calculator!$C$22/(Calculator!$D$7*150))>INT(2*A15*Calculator!$B$22/(Calculator!$D$7*150)),0,1))),1) -> 1 | M15: =MIN(B15:L15) -> 0 | N15: =SUMPRODUCT(($M$7:$M$557>M15)*1)+SUMPRODUCT(($M$7:$M$557=M15)*(ROW($M$7:$M$557)<ROW(M15)))+1 -> 391 | O15: =IF(M15>=0.13,"★★★ EXCELLENT",IF(M15>=0.12,"★★ GOOD",IF(M15>=0.07,"★ FAIR",IF(M15>=0.025,"⚠ MARGINAL","✗ AVOID")))) -> ✗ AVOID
A16: 5.9 | B16: =IF(Calculator!$E$12="YES",IF(A16<Calculator!$G$12,0,MIN(MIN(MIN(MOD(A16*Calculator!$B$12/(Calculator!$D$7*150),1),1-MOD(A16*Calculator!$B$12/(Calculator!$D$7*150),1)),ABS(MOD(A16*Calculator!$B$12/(Calculator!$D$7*150),1)-0.5)),MIN(MIN(MOD(A16*Calculator!$C$12/(Calculator!$D$7*150),1),1-MOD(A16*Calculator!$C$12/(Calculator!$D$7*150),1)),ABS(MOD(A16*Calculator!$C$12/(Calculator!$D$7*150),1)-0.5)),IF(INT(2*A16*Calculator!$C$12/(Calculator!$D$7*150))>INT(2*A16*Calculator!$B$12/(Calculator!$D$7*150)),0,1))),1) -> 1 | C16: =IF(Calculator!$E$13="YES",IF(A16<Calculator!$G$13,0,MIN(MIN(MIN(MOD(A16*Calculator!$B$13/(Calculator!$D$7*150),1),1-MOD(A16*Calculator!$B$13/(Calculator!$D$7*150),1)),ABS(MOD(A16*Calculator!$B$13/(Calculator!$D$7*150),1)-0.5)),MIN(MIN(MOD(A16*Calculator!$C$13/(Calculator!$D$7*150),1),1-MOD(A16*Calculator!$C$13/(Calculator!$D$7*150),1)),ABS(MOD(A16*Calculator!$C$13/(Calculator!$D$7*150),1)-0.5)),IF(INT(2*A16*Calculator!$C$13/(Calculator!$D$7*150))>INT(2*A16*Calculator!$B$13/(Calculator!$D$7*150)),0,1))),1) -> 1 | D16: =IF(Calculator!$E$14="YES",IF(A16<Calculator!$G$14,0,MIN(MIN(MIN(MOD(A16*Calculator!$B$14/(Calculator!$D$7*150),1),1-MOD(A16*Calculator!$B$14/(Calculator!$D$7*150),1)),ABS(MOD(A16*Calculator!$B$14/(Calculator!$D$7*150),1)-0.5)),MIN(MIN(MOD(A16*Calculator!$C$14/(Calculator!$D$7*150),1),1-MOD(A16*Calculator!$C$14/(Calculator!$D$7*150),1)),ABS(MOD(A16*Calculator!$C$14/(Calculator!$D$7*150),1)-0.5)),IF(INT(2*A16*Calculator!$C$14/(Calculator!$D$7*150))>INT(2*A16*Calculator!$B$14/(Calculator!$D$7*150)),0,1))),1) -> 1 | E16: =IF(Calculator!$E$15="YES",IF(A16<Calculator!$G$15,0,MIN(MIN(MIN(MOD(A16*Calculator!$B$15/(Calculator!$D$7*150),1),1-MOD(A16*Calculator!$B$15/(Calculator!$D$7*150),1)),ABS(MOD(A16*Calculator!$B$15/(Calculator!$D$7*150),1)-0.5)),MIN(MIN(MOD(A16*Calculator!$C$15/(Calculator!$D$7*150),1),1-MOD(A16*Calculator!$C$15/(Calculator!$D$7*150),1)),ABS(MOD(A16*Calculator!$C$15/(Calculator!$D$7*150),1)-0.5)),IF(INT(2*A16*Calculator!$C$15/(Calculator!$D$7*150))>INT(2*A16*Calculator!$B$15/(Calculator!$D$7*150)),0,1))),1) -> 0 | F16: =IF(Calculator!$E$16="YES",IF(A16<Calculator!$G$16,0,MIN(MIN(MIN(MOD(A16*Calculator!$B$16/(Calculator!$D$7*150),1),1-MOD(A16*Calculator!$B$16/(Calculator!$D$7*150),1)),ABS(MOD(A16*Calculator!$B$16/(Calculator!$D$7*150),1)-0.5)),MIN(MIN(MOD(A16*Calculator!$C$16/(Calculator!$D$7*150),1),1-MOD(A16*Calculator!$C$16/(Calculator!$D$7*150),1)),ABS(MOD(A16*Calculator!$C$16/(Calculator!$D$7*150),1)-0.5)),IF(INT(2*A16*Calculator!$C$16/(Calculator!$D$7*150))>INT(2*A16*Calculator!$B$16/(Calculator!$D$7*150)),0,1))),1) -> 1 | G16: =IF(Calculator!$E$17="YES",IF(A16<Calculator!$G$17,0,MIN(MIN(MIN(MOD(A16*Calculator!$B$17/(Calculator!$D$7*150),1),1-MOD(A16*Calculator!$B$17/(Calculator!$D$7*150),1)),ABS(MOD(A16*Calculator!$B$17/(Calculator!$D$7*150),1)-0.5)),MIN(MIN(MOD(A16*Calculator!$C$17/(Calculator!$D$7*150),1),1-MOD(A16*Calculator!$C$17/(Calculator!$D$7*150),1)),ABS(MOD(A16*Calculator!$C$17/(Calculator!$D$7*150),1)-0.5)),IF(INT(2*A16*Calculator!$C$17/(Calculator!$D$7*150))>INT(2*A16*Calculator!$B$17/(Calculator!$D$7*150)),0,1))),1) -> 0.079649123 | H16: =IF(Calculator!$E$18="YES",IF(A16<Calculator!$G$18,0,MIN(MIN(MIN(MOD(A16*Calculator!$B$18/(Calculator!$D$7*150),1),1-MOD(A16*Calculator!$B$18/(Calculator!$D$7*150),1)),ABS(MOD(A16*Calculator!$B$18/(Calculator!$D$7*150),1)-0.5)),MIN(MIN(MOD(A16*Calculator!$C$18/(Calculator!$D$7*150),1),1-MOD(A16*Calculator!$C$18/(Calculator!$D$7*150),1)),ABS(MOD(A16*Calculator!$C$18/(Calculator!$D$7*150),1)-0.5)),IF(INT(2*A16*Calculator!$C$18/(Calculator!$D$7*150))>INT(2*A16*Calculator!$B$18/(Calculator!$D$7*150)),0,1))),1) -> 1 | I16: =IF(Calculator!$E$19="YES",IF(A16<Calculator!$G$19,0,MIN(MIN(MIN(MOD(A16*Calculator!$B$19/(Calculator!$D$7*150),1),1-MOD(A16*Calculator!$B$19/(Calculator!$D$7*150),1)),ABS(MOD(A16*Calculator!$B$19/(Calculator!$D$7*150),1)-0.5)),MIN(MIN(MOD(A16*Calculator!$C$19/(Calculator!$D$7*150),1),1-MOD(A16*Calculator!$C$19/(Calculator!$D$7*150),1)),ABS(MOD(A16*Calculator!$C$19/(Calculator!$D$7*150),1)-0.5)),IF(INT(2*A16*Calculator!$C$19/(Calculator!$D$7*150))>INT(2*A16*Calculator!$B$19/(Calculator!$D$7*150)),0,1))),1) -> 1 | J16: =IF(Calculator!$E$20="YES",IF(A16<Calculator!$G$20,0,MIN(MIN(MIN(MOD(A16*Calculator!$B$20/(Calculator!$D$7*150),1),1-MOD(A16*Calculator!$B$20/(Calculator!$D$7*150),1)),ABS(MOD(A16*Calculator!$B$20/(Calculator!$D$7*150),1)-0.5)),MIN(MIN(MOD(A16*Calculator!$C$20/(Calculator!$D$7*150),1),1-MOD(A16*Calculator!$C$20/(Calculator!$D$7*150),1)),ABS(MOD(A16*Calculator!$C$20/(Calculator!$D$7*150),1)-0.5)),IF(INT(2*A16*Calculator!$C$20/(Calculator!$D$7*150))>INT(2*A16*Calculator!$B$20/(Calculator!$D$7*150)),0,1))),1) -> 1 | K16: =IF(Calculator!$E$21="YES",IF(A16<Calculator!$G$21,0,MIN(MIN(MIN(MOD(A16*Calculator!$B$21/(Calculator!$D$7*150),1),1-MOD(A16*Calculator!$B$21/(Calculator!$D$7*150),1)),ABS(MOD(A16*Calculator!$B$21/(Calculator!$D$7*150),1)-0.5)),MIN(MIN(MOD(A16*Calculator!$C$21/(Calculator!$D$7*150),1),1-MOD(A16*Calculator!$C$21/(Calculator!$D$7*150),1)),ABS(MOD(A16*Calculator!$C$21/(Calculator!$D$7*150),1)-0.5)),IF(INT(2*A16*Calculator!$C$21/(Calculator!$D$7*150))>INT(2*A16*Calculator!$B$21/(Calculator!$D$7*150)),0,1))),1) -> 1 | L16: =IF(Calculator!$E$22="YES",IF(A16<Calculator!$G$22,0,MIN(MIN(MIN(MOD(A16*Calculator!$B$22/(Calculator!$D$7*150),1),1-MOD(A16*Calculator!$B$22/(Calculator!$D$7*150),1)),ABS(MOD(A16*Calculator!$B$22/(Calculator!$D$7*150),1)-0.5)),MIN(MIN(MOD(A16*Calculator!$C$22/(Calculator!$D$7*150),1),1-MOD(A16*Calculator!$C$22/(Calculator!$D$7*150),1)),ABS(MOD(A16*Calculator!$C$22/(Calculator!$D$7*150),1)-0.5)),IF(INT(2*A16*Calculator!$C$22/(Calculator!$D$7*150))>INT(2*A16*Calculator!$B$22/(Calculator!$D$7*150)),0,1))),1) -> 1 | M16: =MIN(B16:L16) -> 0 | N16: =SUMPRODUCT(($M$7:$M$557>M16)*1)+SUMPRODUCT(($M$7:$M$557=M16)*(ROW($M$7:$M$557)<ROW(M16)))+1 -> 392 | O16: =IF(M16>=0.13,"★★★ EXCELLENT",IF(M16>=0.12,"★★ GOOD",IF(M16>=0.07,"★ FAIR",IF(M16>=0.025,"⚠ MARGINAL","✗ AVOID")))) -> ✗ AVOID
A17: 6 | B17: =IF(Calculator!$E$12="YES",IF(A17<Calculator!$G$12,0,MIN(MIN(MIN(MOD(A17*Calculator!$B$12/(Calculator!$D$7*150),1),1-MOD(A17*Calculator!$B$12/(Calculator!$D$7*150),1)),ABS(MOD(A17*Calculator!$B$12/(Calculator!$D$7*150),1)-0.5)),MIN(MIN(MOD(A17*Calculator!$C$12/(Calculator!$D$7*150),1),1-MOD(A17*Calculator!$C$12/(Calculator!$D$7*150),1)),ABS(MOD(A17*Calculator!$C$12/(Calculator!$D$7*150),1)-0.5)),IF(INT(2*A17*Calculator!$C$12/(Calculator!$D$7*150))>INT(2*A17*Calculator!$B$12/(Calculator!$D$7*150)),0,1))),1) -> 1 | C17: =IF(Calculator!$E$13="YES",IF(A17<Calculator!$G$13,0,MIN(MIN(MIN(MOD(A17*Calculator!$B$13/(Calculator!$D$7*150),1),1-MOD(A17*Calculator!$B$13/(Calculator!$D$7*150),1)),ABS(MOD(A17*Calculator!$B$13/(Calculator!$D$7*150),1)-0.5)),MIN(MIN(MOD(A17*Calculator!$C$13/(Calculator!$D$7*150),1),1-MOD(A17*Calculator!$C$13/(Calculator!$D$7*150),1)),ABS(MOD(A17*Calculator!$C$13/(Calculator!$D$7*150),1)-0.5)),IF(INT(2*A17*Calculator!$C$13/(Calculator!$D$7*150))>INT(2*A17*Calculator!$B$13/(Calculator!$D$7*150)),0,1))),1) -> 1 | D17: =IF(Calculator!$E$14="YES",IF(A17<Calculator!$G$14,0,MIN(MIN(MIN(MOD(A17*Calculator!$B$14/(Calculator!$D$7*150),1),1-MOD(A17*Calculator!$B$14/(Calculator!$D$7*150),1)),ABS(MOD(A17*Calculator!$B$14/(Calculator!$D$7*150),1)-0.5)),MIN(MIN(MOD(A17*Calculator!$C$14/(Calculator!$D$7*150),1),1-MOD(A17*Calculator!$C$14/(Calculator!$D$7*150),1)),ABS(MOD(A17*Calculator!$C$14/(Calculator!$D$7*150),1)-0.5)),IF(INT(2*A17*Calculator!$C$14/(Calculator!$D$7*150))>INT(2*A17*Calculator!$B$14/(Calculator!$D$7*150)),0,1))),1) -> 1 | E17: =IF(Calculator!$E$15="YES",IF(A17<Calculator!$G$15,0,MIN(MIN(MIN(MOD(A17*Calculator!$B$15/(Calculator!$D$7*150),1),1-MOD(A17*Calculator!$B$15/(Calculator!$D$7*150),1)),ABS(MOD(A17*Calculator!$B$15/(Calculator!$D$7*150),1)-0.5)),MIN(MIN(MOD(A17*Calculator!$C$15/(Calculator!$D$7*150),1),1-MOD(A17*Calculator!$C$15/(Calculator!$D$7*150),1)),ABS(MOD(A17*Calculator!$C$15/(Calculator!$D$7*150),1)-0.5)),IF(INT(2*A17*Calculator!$C$15/(Calculator!$D$7*150))>INT(2*A17*Calculator!$B$15/(Calculator!$D$7*150)),0,1))),1) -> 0 | F17: =IF(Calculator!$E$16="YES",IF(A17<Calculator!$G$16,0,MIN(MIN(MIN(MOD(A17*Calculator!$B$16/(Calculator!$D$7*150),1),1-MOD(A17*Calculator!$B$16/(Calculator!$D$7*150),1)),ABS(MOD(A17*Calculator!$B$16/(Calculator!$D$7*150),1)-0.5)),MIN(MIN(MOD(A17*Calculator!$C$16/(Calculator!$D$7*150),1),1-MOD(A17*Calculator!$C$16/(Calculator!$D$7*150),1)),ABS(MOD(A17*Calculator!$C$16/(Calculator!$D$7*150),1)-0.5)),IF(INT(2*A17*Calculator!$C$16/(Calculator!$D$7*150))>INT(2*A17*Calculator!$B$16/(Calculator!$D$7*150)),0,1))),1) -> 1 | G17: =IF(Calculator!$E$17="YES",IF(A17<Calculator!$G$17,0,MIN(MIN(MIN(MOD(A17*Calculator!$B$17/(Calculator!$D$7*150),1),1-MOD(A17*Calculator!$B$17/(Calculator!$D$7*150),1)),ABS(MOD(A17*Calculator!$B$17/(Calculator!$D$7*150),1)-0.5)),MIN(MIN(MOD(A17*Calculator!$C$17/(Calculator!$D$7*150),1),1-MOD(A17*Calculator!$C$17/(Calculator!$D$7*150),1)),ABS(MOD(A17*Calculator!$C$17/(Calculator!$D$7*150),1)-0.5)),IF(INT(2*A17*Calculator!$C$17/(Calculator!$D$7*150))>INT(2*A17*Calculator!$B$17/(Calculator!$D$7*150)),0,1))),1) -> 0.089473684 | H17: =IF(Calculator!$E$18="YES",IF(A17<Calculator!$G$18,0,MIN(MIN(MIN(MOD(A17*Calculator!$B$18/(Calculator!$D$7*150),1),1-MOD(A17*Calculator!$B$18/(Calculator!$D$7*150),1)),ABS(MOD(A17*Calculator!$B$18/(Calculator!$D$7*150),1)-0.5)),MIN(MIN(MOD(A17*Calculator!$C$18/(Calculator!$D$7*150),1),1-MOD(A17*Calculator!$C$18/(Calculator!$D$7*150),1)),ABS(MOD(A17*Calculator!$C$18/(Calculator!$D$7*150),1)-0.5)),IF(INT(2*A17*Calculator!$C$18/(Calculator!$D$7*150))>INT(2*A17*Calculator!$B$18/(Calculator!$D$7*150)),0,1))),1) -> 1 | I17: =IF(Calculator!$E$19="YES",IF(A17<Calculator!$G$19,0,MIN(MIN(MIN(MOD(A17*Calculator!$B$19/(Calculator!$D$7*150),1),1-MOD(A17*Calculator!$B$19/(Calculator!$D$7*150),1)),ABS(MOD(A17*Calculator!$B$19/(Calculator!$D$7*150),1)-0.5)),MIN(MIN(MOD(A17*Calculator!$C$19/(Calculator!$D$7*150),1),1-MOD(A17*Calculator!$C$19/(Calculator!$D$7*150),1)),ABS(MOD(A17*Calculator!$C$19/(Calculator!$D$7*150),1)-0.5)),IF(INT(2*A17*Calculator!$C$19/(Calculator!$D$7*150))>INT(2*A17*Calculator!$B$19/(Calculator!$D$7*150)),0,1))),1) -> 1 | J17: =IF(Calculator!$E$20="YES",IF(A17<Calculator!$G$20,0,MIN(MIN(MIN(MOD(A17*Calculator!$B$20/(Calculator!$D$7*150),1),1-MOD(A17*Calculator!$B$20/(Calculator!$D$7*150),1)),ABS(MOD(A17*Calculator!$B$20/(Calculator!$D$7*150),1)-0.5)),MIN(MIN(MOD(A17*Calculator!$C$20/(Calculator!$D$7*150),1),1-MOD(A17*Calculator!$C$20/(Calculator!$D$7*150),1)),ABS(MOD(A17*Calculator!$C$20/(Calculator!$D$7*150),1)-0.5)),IF(INT(2*A17*Calculator!$C$20/(Calculator!$D$7*150))>INT(2*A17*Calculator!$B$20/(Calculator!$D$7*150)),0,1))),1) -> 1 | K17: =IF(Calculator!$E$21="YES",IF(A17<Calculator!$G$21,0,MIN(MIN(MIN(MOD(A17*Calculator!$B$21/(Calculator!$D$7*150),1),1-MOD(A17*Calculator!$B$21/(Calculator!$D$7*150),1)),ABS(MOD(A17*Calculator!$B$21/(Calculator!$D$7*150),1)-0.5)),MIN(MIN(MOD(A17*Calculator!$C$21/(Calculator!$D$7*150),1),1-MOD(A17*Calculator!$C$21/(Calculator!$D$7*150),1)),ABS(MOD(A17*Calculator!$C$21/(Calculator!$D$7*150),1)-0.5)),IF(INT(2*A17*Calculator!$C$21/(Calculator!$D$7*150))>INT(2*A17*Calculator!$B$21/(Calculator!$D$7*150)),0,1))),1) -> 1 | L17: =IF(Calculator!$E$22="YES",IF(A17<Calculator!$G$22,0,MIN(MIN(MIN(MOD(A17*Calculator!$B$22/(Calculator!$D$7*150),1),1-MOD(A17*Calculator!$B$22/(Calculator!$D$7*150),1)),ABS(MOD(A17*Calculator!$B$22/(Calculator!$D$7*150),1)-0.5)),MIN(MIN(MOD(A17*Calculator!$C$22/(Calculator!$D$7*150),1),1-MOD(A17*Calculator!$C$22/(Calculator!$D$7*150),1)),ABS(MOD(A17*Calculator!$C$22/(Calculator!$D$7*150),1)-0.5)),IF(INT(2*A17*Calculator!$C$22/(Calculator!$D$7*150))>INT(2*A17*Calculator!$B$22/(Calculator!$D$7*150)),0,1))),1) -> 1 | M17: =MIN(B17:L17) -> 0 | N17: =SUMPRODUCT(($M$7:$M$557>M17)*1)+SUMPRODUCT(($M$7:$M$557=M17)*(ROW($M$7:$M$557)<ROW(M17)))+1 -> 393 | O17: =IF(M17>=0.13,"★★★ EXCELLENT",IF(M17>=0.12,"★★ GOOD",IF(M17>=0.07,"★ FAIR",IF(M17>=0.025,"⚠ MARGINAL","✗ AVOID")))) -> ✗ AVOID
A18: 6.1 | B18: =IF(Calculator!$E$12="YES",IF(A18<Calculator!$G$12,0,MIN(MIN(MIN(MOD(A18*Calculator!$B$12/(Calculator!$D$7*150),1),1-MOD(A18*Calculator!$B$12/(Calculator!$D$7*150),1)),ABS(MOD(A18*Calculator!$B$12/(Calculator!$D$7*150),1)-0.5)),MIN(MIN(MOD(A18*Calculator!$C$12/(Calculator!$D$7*150),1),1-MOD(A18*Calculator!$C$12/(Calculator!$D$7*150),1)),ABS(MOD(A18*Calculator!$C$12/(Calculator!$D$7*150),1)-0.5)),IF(INT(2*A18*Calculator!$C$12/(Calculator!$D$7*150))>INT(2*A18*Calculator!$B$12/(Calculator!$D$7*150)),0,1))),1) -> 1 | C18: =IF(Calculator!$E$13="YES",IF(A18<Calculator!$G$13,0,MIN(MIN(MIN(MOD(A18*Calculator!$B$13/(Calculator!$D$7*150),1),1-MOD(A18*Calculator!$B$13/(Calculator!$D$7*150),1)),ABS(MOD(A18*Calculator!$B$13/(Calculator!$D$7*150),1)-0.5)),MIN(MIN(MOD(A18*Calculator!$C$13/(Calculator!$D$7*150),1),1-MOD(A18*Calculator!$C$13/(Calculator!$D$7*150),1)),ABS(MOD(A18*Calculator!$C$13/(Calculator!$D$7*150),1)-0.5)),IF(INT(2*A18*Calculator!$C$13/(Calculator!$D$7*150))>INT(2*A18*Calculator!$B$13/(Calculator!$D$7*150)),0,1))),1) -> 1 | D18: =IF(Calculator!$E$14="YES",IF(A18<Calculator!$G$14,0,MIN(MIN(MIN(MOD(A18*Calculator!$B$14/(Calculator!$D$7*150),1),1-MOD(A18*Calculator!$B$14/(Calculator!$D$7*150),1)),ABS(MOD(A18*Calculator!$B$14/(Calculator!$D$7*150),1)-0.5)),MIN(MIN(MOD(A18*Calculator!$C$14/(Calculator!$D$7*150),1),1-MOD(A18*Calculator!$C$14/(Calculator!$D$7*150),1)),ABS(MOD(A18*Calculator!$C$14/(Calculator!$D$7*150),1)-0.5)),IF(INT(2*A18*Calculator!$C$14/(Calculator!$D$7*150))>INT(2*A18*Calculator!$B$14/(Calculator!$D$7*150)),0,1))),1) -> 1 | E18: =IF(Calculator!$E$15="YES",IF(A18<Calculator!$G$15,0,MIN(MIN(MIN(MOD(A18*Calculator!$B$15/(Calculator!$D$7*150),1),1-MOD(A18*Calculator!$B$15/(Calculator!$D$7*150),1)),ABS(MOD(A18*Calculator!$B$15/(Calculator!$D$7*150),1)-0.5)),MIN(MIN(MOD(A18*Calculator!$C$15/(Calculator!$D$7*150),1),1-MOD(A18*Calculator!$C$15/(Calculator!$D$7*150),1)),ABS(MOD(A18*Calculator!$C$15/(Calculator!$D$7*150),1)-0.5)),IF(INT(2*A18*Calculator!$C$15/(Calculator!$D$7*150))>INT(2*A18*Calculator!$B$15/(Calculator!$D$7*150)),0,1))),1) -> 0 | F18: =IF(Calculator!$E$16="YES",IF(A18<Calculator!$G$16,0,MIN(MIN(MIN(MOD(A18*Calculator!$B$16/(Calculator!$D$7*150),1),1-MOD(A18*Calculator!$B$16/(Calculator!$D$7*150),1)),ABS(MOD(A18*Calculator!$B$16/(Calculator!$D$7*150),1)-0.5)),MIN(MIN(MOD(A18*Calculator!$C$16/(Calculator!$D$7*150),1),1-MOD(A18*Calculator!$C$16/(Calculator!$D$7*150),1)),ABS(MOD(A18*Calculator!$C$16/(Calculator!$D$7*150),1)-0.5)),IF(INT(2*A18*Calculator!$C$16/(Calculator!$D$7*150))>INT(2*A18*Calculator!$B$16/(Calculator!$D$7*150)),0,1))),1) -> 1 | G18: =IF(Calculator!$E$17="YES",IF(A18<Calculator!$G$17,0,MIN(MIN(MIN(MOD(A18*Calculator!$B$17/(Calculator!$D$7*150),1),1-MOD(A18*Calculator!$B$17/(Calculator!$D$7*150),1)),ABS(MOD(A18*Calculator!$B$17/(Calculator!$D$7*150),1)-0.5)),MIN(MIN(MOD(A18*Calculator!$C$17/(Calculator!$D$7*150),1),1-MOD(A18*Calculator!$C$17/(Calculator!$D$7*150),1)),ABS(MOD(A18*Calculator!$C$17/(Calculator!$D$7*150),1)-0.5)),IF(INT(2*A18*Calculator!$C$17/(Calculator!$D$7*150))>INT(2*A18*Calculator!$B$17/(Calculator!$D$7*150)),0,1))),1) -> 0.099298246 | H18: =IF(Calculator!$E$18="YES",IF(A18<Calculator!$G$18,0,MIN(MIN(MIN(MOD(A18*Calculator!$B$18/(Calculator!$D$7*150),1),1-MOD(A18*Calculator!$B$18/(Calculator!$D$7*150),1)),ABS(MOD(A18*Calculator!$B$18/(Calculator!$D$7*150),1)-0.5)),MIN(MIN(MOD(A18*Calculator!$C$18/(Calculator!$D$7*150),1),1-MOD(A18*Calculator!$C$18/(Calculator!$D$7*150),1)),ABS(MOD(A18*Calculator!$C$18/(Calculator!$D$7*150),1)-0.5)),IF(INT(2*A18*Calculator!$C$18/(Calculator!$D$7*150))>INT(2*A18*Calculator!$B$18/(Calculator!$D$7*150)),0,1))),1) -> 1 | I18: =IF(Calculator!$E$19="YES",IF(A18<Calculator!$G$19,0,MIN(MIN(MIN(MOD(A18*Calculator!$B$19/(Calculator!$D$7*150),1),1-MOD(A18*Calculator!$B$19/(Calculator!$D$7*150),1)),ABS(MOD(A18*Calculator!$B$19/(Calculator!$D$7*150),1)-0.5)),MIN(MIN(MOD(A18*Calculator!$C$19/(Calculator!$D$7*150),1),1-MOD(A18*Calculator!$C$19/(Calculator!$D$7*150),1)),ABS(MOD(A18*Calculator!$C$19/(Calculator!$D$7*150),1)-0.5)),IF(INT(2*A18*Calculator!$C$19/(Calculator!$D$7*150))>INT(2*A18*Calculator!$B$19/(Calculator!$D$7*150)),0,1))),1) -> 1 | J18: =IF(Calculator!$E$20="YES",IF(A18<Calculator!$G$20,0,MIN(MIN(MIN(MOD(A18*Calculator!$B$20/(Calculator!$D$7*150),1),1-MOD(A18*Calculator!$B$20/(Calculator!$D$7*150),1)),ABS(MOD(A18*Calculator!$B$20/(Calculator!$D$7*150),1)-0.5)),MIN(MIN(MOD(A18*Calculator!$C$20/(Calculator!$D$7*150),1),1-MOD(A18*Calculator!$C$20/(Calculator!$D$7*150),1)),ABS(MOD(A18*Calculator!$C$20/(Calculator!$D$7*150),1)-0.5)),IF(INT(2*A18*Calculator!$C$20/(Calculator!$D$7*150))>INT(2*A18*Calculator!$B$20/(Calculator!$D$7*150)),0,1))),1) -> 1 | K18: =IF(Calculator!$E$21="YES",IF(A18<Calculator!$G$21,0,MIN(MIN(MIN(MOD(A18*Calculator!$B$21/(Calculator!$D$7*150),1),1-MOD(A18*Calculator!$B$21/(Calculator!$D$7*150),1)),ABS(MOD(A18*Calculator!$B$21/(Calculator!$D$7*150),1)-0.5)),MIN(MIN(MOD(A18*Calculator!$C$21/(Calculator!$D$7*150),1),1-MOD(A18*Calculator!$C$21/(Calculator!$D$7*150),1)),ABS(MOD(A18*Calculator!$C$21/(Calculator!$D$7*150),1)-0.5)),IF(INT(2*A18*Calculator!$C$21/(Calculator!$D$7*150))>INT(2*A18*Calculator!$B$21/(Calculator!$D$7*150)),0,1))),1) -> 1 | L18: =IF(Calculator!$E$22="YES",IF(A18<Calculator!$G$22,0,MIN(MIN(MIN(MOD(A18*Calculator!$B$22/(Calculator!$D$7*150),1),1-MOD(A18*Calculator!$B$22/(Calculator!$D$7*150),1)),ABS(MOD(A18*Calculator!$B$22/(Calculator!$D$7*150),1)-0.5)),MIN(MIN(MOD(A18*Calculator!$C$22/(Calculator!$D$7*150),1),1-MOD(A18*Calculator!$C$22/(Calculator!$D$7*150),1)),ABS(MOD(A18*Calculator!$C$22/(Calculator!$D$7*150),1)-0.5)),IF(INT(2*A18*Calculator!$C$22/(Calculator!$D$7*150))>INT(2*A18*Calculator!$B$22/(Calculator!$D$7*150)),0,1))),1) -> 1 | M18: =MIN(B18:L18) -> 0 | N18: =SUMPRODUCT(($M$7:$M$557>M18)*1)+SUMPRODUCT(($M$7:$M$557=M18)*(ROW($M$7:$M$557)<ROW(M18)))+1 -> 394 | O18: =IF(M18>=0.13,"★★★ EXCELLENT",IF(M18>=0.12,"★★ GOOD",IF(M18>=0.07,"★ FAIR",IF(M18>=0.025,"⚠ MARGINAL","✗ AVOID")))) -> ✗ AVOID
... A557: 60 | B557: =IF(Calculator!$E$12="YES",IF(A557<Calculator!$G$12,0,MIN(MIN(MIN(MOD(A557*Calculator!$B$12/(Calculator!$D$7*150),1),1-MOD(A557*Calculator!$B$12/(Calculator!$D$7*150),1)),ABS(MOD(A557*Calculator!$B$12/(Calculator!$D$7*150),1)-0.5)),MIN(MIN(MOD(A557*Calculator!$C$12/(Calculator!$D$7*150),1),1-MOD(A557*Calculator!$C$12/(Calculator!$D$7*150),1)),ABS(MOD(A557*Calculator!$C$12/(Calculator!$D$7*150),1)-0.5)),IF(INT(2*A557*Calculator!$C$12/(Calculator!$D$7*150))>INT(2*A557*Calculator!$B$12/(Calculator!$D$7*150)),0,1))),1) -> 1 | C557: =IF(Calculator!$E$13="YES",IF(A557<Calculator!$G$13,0,MIN(MIN(MIN(MOD(A557*Calculator!$B$13/(Calculator!$D$7*150),1),1-MOD(A557*Calculator!$B$13/(Calculator!$D$7*150),1)),ABS(MOD(A557*Calculator!$B$13/(Calculator!$D$7*150),1)-0.5)),MIN(MIN(MOD(A557*Calculator!$C$13/(Calculator!$D$7*150),1),1-MOD(A557*Calculator!$C$13/(Calculator!$D$7*150),1)),ABS(MOD(A557*Calculator!$C$13/(Calculator!$D$7*150),1)-0.5)),IF(INT(2*A557*Calculator!$C$13/(Calculator!$D$7*150))>INT(2*A557*Calculator!$B$13/(Calculator!$D$7*150)),0,1))),1) -> 1 | D557: =IF(Calculator!$E$14="YES",IF(A557<Calculator!$G$14,0,MIN(MIN(MIN(MOD(A557*Calculator!$B$14/(Calculator!$D$7*150),1),1-MOD(A557*Calculator!$B$14/(Calculator!$D$7*150),1)),ABS(MOD(A557*Calculator!$B$14/(Calculator!$D$7*150),1)-0.5)),MIN(MIN(MOD(A557*Calculator!$C$14/(Calculator!$D$7*150),1),1-MOD(A557*Calculator!$C$14/(Calculator!$D$7*150),1)),ABS(MOD(A557*Calculator!$C$14/(Calculator!$D$7*150),1)-0.5)),IF(INT(2*A557*Calculator!$C$14/(Calculator!$D$7*150))>INT(2*A557*Calculator!$B$14/(Calculator!$D$7*150)),0,1))),1) -> 1 | E557: =IF(Calculator!$E$15="YES",IF(A557<Calculator!$G$15,0,MIN(MIN(MIN(MOD(A557*Calculator!$B$15/(Calculator!$D$7*150),1),1-MOD(A557*Calculator!$B$15/(Calculator!$D$7*150),1)),ABS(MOD(A557*Calculator!$B$15/(Calculator!$D$7*150),1)-0.5)),MIN(MIN(MOD(A557*Calculator!$C$15/(Calculator!$D$7*150),1),1-MOD(A557*Calculator!$C$15/(Calculator!$D$7*150),1)),ABS(MOD(A557*Calculator!$C$15/(Calculator!$D$7*150),1)-0.5)),IF(INT(2*A557*Calculator!$C$15/(Calculator!$D$7*150))>INT(2*A557*Calculator!$B$15/(Calculator!$D$7*150)),0,1))),1) -> 0 | F557: =IF(Calculator!$E$16="YES",IF(A557<Calculator!$G$16,0,MIN(MIN(MIN(MOD(A557*Calculator!$B$16/(Calculator!$D$7*150),1),1-MOD(A557*Calculator!$B$16/(Calculator!$D$7*150),1)),ABS(MOD(A557*Calculator!$B$16/(Calculator!$D$7*150),1)-0.5)),MIN(MIN(MOD(A557*Calculator!$C$16/(Calculator!$D$7*150),1),1-MOD(A557*Calculator!$C$16/(Calculator!$D$7*150),1)),ABS(MOD(A557*Calculator!$C$16/(Calculator!$D$7*150),1)-0.5)),IF(INT(2*A557*Calculator!$C$16/(Calculator!$D$7*150))>INT(2*A557*Calculator!$B$16/(Calculator!$D$7*150)),0,1))),1) -> 1 | G557: =IF(Calculator!$E$17="YES",IF(A557<Calculator!$G$17,0,MIN(MIN(MIN(MOD(A557*Calculator!$B$17/(Calculator!$D$7*150),1),1-MOD(A557*Calculator!$B$17/(Calculator!$D$7*150),1)),ABS(MOD(A557*Calculator!$B$17/(Calculator!$D$7*150),1)-0.5)),MIN(MIN(MOD(A557*Calculator!$C$17/(Calculator!$D$7*150),1),1-MOD(A557*Calculator!$C$17/(Calculator!$D$7*150),1)),ABS(MOD(A557*Calculator!$C$17/(Calculator!$D$7*150),1)-0.5)),IF(INT(2*A557*Calculator!$C$17/(Calculator!$D$7*150))>INT(2*A557*Calculator!$B$17/(Calculator!$D$7*150)),0,1))),1) -> 0 | H557: =IF(Calculator!$E$18="YES",IF(A557<Calculator!$G$18,0,MIN(MIN(MIN(MOD(A557*Calculator!$B$18/(Calculator!$D$7*150),1),1-MOD(A557*Calculator!$B$18/(Calculator!$D$7*150),1)),ABS(MOD(A557*Calculator!$B$18/(Calculator!$D$7*150),1)-0.5)),MIN(MIN(MOD(A557*Calculator!$C$18/(Calculator!$D$7*150),1),1-MOD(A557*Calculator!$C$18/(Calculator!$D$7*150),1)),ABS(MOD(A557*Calculator!$C$18/(Calculator!$D$7*150),1)-0.5)),IF(INT(2*A557*Calculator!$C$18/(Calculator!$D$7*150))>INT(2*A557*Calculator!$B$18/(Calculator!$D$7*150)),0,1))),1) -> 1 | I557: =IF(Calculator!$E$19="YES",IF(A557<Calculator!$G$19,0,MIN(MIN(MIN(MOD(A557*Calculator!$B$19/(Calculator!$D$7*150),1),1-MOD(A557*Calculator!$B$19/(Calculator!$D$7*150),1)),ABS(MOD(A557*Calculator!$B$19/(Calculator!$D$7*150),1)-0.5)),MIN(MIN(MOD(A557*Calculator!$C$19/(Calculator!$D$7*150),1),1-MOD(A557*Calculator!$C$19/(Calculator!$D$7*150),1)),ABS(MOD(A557*Calculator!$C$19/(Calculator!$D$7*150),1)-0.5)),IF(INT(2*A557*Calculator!$C$19/(Calculator!$D$7*150))>INT(2*A557*Calculator!$B$19/(Calculator!$D$7*150)),0,1))),1) -> 1 | J557: =IF(Calculator!$E$20="YES",IF(A557<Calculator!$G$20,0,MIN(MIN(MIN(MOD(A557*Calculator!$B$20/(Calculator!$D$7*150),1),1-MOD(A557*Calculator!$B$20/(Calculator!$D$7*150),1)),ABS(MOD(A557*Calculator!$B$20/(Calculator!$D$7*150),1)-0.5)),MIN(MIN(MOD(A557*Calculator!$C$20/(Calculator!$D$7*150),1),1-MOD(A557*Calculator!$C$20/(Calculator!$D$7*150),1)),ABS(MOD(A557*Calculator!$C$20/(Calculator!$D$7*150),1)-0.5)),IF(INT(2*A557*Calculator!$C$20/(Calculator!$D$7*150))>INT(2*A557*Calculator!$B$20/(Calculator!$D$7*150)),0,1))),1) -> 1 | K557: =IF(Calculator!$E$21="YES",IF(A557<Calculator!$G$21,0,MIN(MIN(MIN(MOD(A557*Calculator!$B$21/(Calculator!$D$7*150),1),1-MOD(A557*Calculator!$B$21/(Calculator!$D$7*150),1)),ABS(MOD(A557*Calculator!$B$21/(Calculator!$D$7*150),1)-0.5)),MIN(MIN(MOD(A557*Calculator!$C$21/(Calculator!$D$7*150),1),1-MOD(A557*Calculator!$C$21/(Calculator!$D$7*150),1)),ABS(MOD(A557*Calculator!$C$21/(Calculator!$D$7*150),1)-0.5)),IF(INT(2*A557*Calculator!$C$21/(Calculator!$D$7*150))>INT(2*A557*Calculator!$B$21/(Calculator!$D$7*150)),0,1))),1) -> 1 | L557: =IF(Calculator!$E$22="YES",IF(A557<Calculator!$G$22,0,MIN(MIN(MIN(MOD(A557*Calculator!$B$22/(Calculator!$D$7*150),1),1-MOD(A557*Calculator!$B$22/(Calculator!$D$7*150),1)),ABS(MOD(A557*Calculator!$B$22/(Calculator!$D$7*150),1)-0.5)),MIN(MIN(MOD(A557*Calculator!$C$22/(Calculator!$D$7*150),1),1-MOD(A557*Calculator!$C$22/(Calculator!$D$7*150),1)),ABS(MOD(A557*Calculator!$C$22/(Calculator!$D$7*150),1)-0.5)),IF(INT(2*A557*Calculator!$C$22/(Calculator!$D$7*150))>INT(2*A557*Calculator!$B$22/(Calculator!$D$7*150)),0,1))),1) -> 1 | M557: =MIN(B557:L557) -> 0 | N557: =SUMPRODUCT(($M$7:$M$557>M557)*1)+SUMPRODUCT(($M$7:$M$557=M557)*(ROW($M$7:$M$557)<ROW(M557)))+1 -> 551 | O557: =IF(M557>=0.13,"★★★ EXCELLENT",IF(M557>=0.12,"★★ GOOD",IF(M557>=0.07,"★ FAIR",IF(M557>=0.025,"⚠ MARGINAL","✗ AVOID")))) -> ✗ AVOID

Sheet UnUn Ratio Optimizer
A1: 📡 UnUn Ratio Optimizer — Long Wire Antenna (4:1 → 69:1) · All 5 Recommended Lengths
A2: By Emiliano Gonzalez LU3VEA – lu3vea@gmail.com – License: CC0 v1.0
A4: For each top-5 wire length, every UnUn ratio 4:1
A6: 📊 SECTION 1 — Feedpoint Impedance — Resistive Part Z_R (Ω) [ ⚠ X_est (reactance) not shown here; full complex Z used in Sections 2 & 3. X_est ≈ 1500·|sin(2π·L/λ½)| Ω — see 'VSWR Calculator' sheet for details ]
A7: Band | B7: f center (MHz) | C7: λ/2 (m) | D7: ="#"&1&" "&Calculator!$B$29&" m" -> #1 13.3 m | E7: ="#"&2&" "&Calculator!$B$30&" m" -> #2 13.4 m | F7: ="#"&3&" "&Calculator!$B$31&" m" -> #3 13.2 m | G7: ="#"&4&" "&Calculator!$B$32&" m" -> #4 23.3 m | H7: ="#"&5&" "&Calculator!$B$33&" m" -> #5 23.4 m | I7: Notes
A8: =IF(Calculator!$E$12="YES","★ "&"160m","160m") -> 160m | B8: =ROUND(Calculator!D12,3) -> 1.9 | C8: =Calculator!$F$12 -> 75 | D8: =IF(AND(Calculator!$E$12="YES",Calculator!$B$29>=Calculator!$G$12),ROUND(50*POWER(80,POWER(COS(PI()*MOD(Calculator!$B$29/Calculator!$F$12,1)),2)),1),"—") -> — | E8: =IF(AND(Calculator!$E$12="YES",Calculator!$B$30>=Calculator!$G$12),ROUND(50*POWER(80,POWER(COS(PI()*MOD(Calculator!$B$30/Calculator!$F$12,1)),2)),1),"—") -> — | F8: =IF(AND(Calculator!$E$12="YES",Calculator!$B$31>=Calculator!$G$12),ROUND(50*POWER(80,POWER(COS(PI()*MOD(Calculator!$B$31/Calculator!$F$12,1)),2)),1),"—") -> — | G8: =IF(AND(Calculator!$E$12="YES",Calculator!$B$32>=Calculator!$G$12),ROUND(50*POWER(80,POWER(COS(PI()*MOD(Calculator!$B$32/Calculator!$F$12,1)),2)),1),"—") -> — | H8: =IF(AND(Calculator!$E$12="YES",Calculator!$B$33>=Calculator!$G$12),ROUND(50*POWER(80,POWER(COS(PI()*MOD(Calculator!$B$33/Calculator!$F$12,1)),2)),1),"—") -> — | I8: =IF(Calculator!$E12<>"YES","Inactive",IF(Calculator!$B$29<Calculator!$G$12,"Wire too short","X_est #1: "&ROUND(1500*ABS(SIN(2*PI()*MOD(Calculator!$B$29/Calculator!$F12,1))),0)&" Ω")) -> Inactive
